subject_id,age,sex,scanner,heavy_drinker
SIM-0000,19.53,0,0,0
SIM-0001,19.67,0,0,0
SIM-0002,16.03,0,0,0
SIM-0003,17.21,1,1,0
SIM-0004,18.48,1,0,0
SIM-0005,17.57,1,1,0
SIM-0006,18.78,1,0,1
SIM-0007,17.39,1,1,0
SIM-0008,17.61,1,1,1
SIM-0009,19.12,1,1,0
SIM-0010,17.88,0,1,1
SIM-0011,16.04,0,0,0
SIM-0012,18.36,1,1,0
SIM-0013,19.76,1,0,0
SIM-0014,19.79,0,1,1
SIM-0015,16.06,0,0,1
SIM-0016,19.05,0,0,1
SIM-0017,16.45,0,0,0
SIM-0018,17.33,0,0,0
SIM-0019,17.29,1,0,0
SIM-0020,19.14,1,1,1
SIM-0021,17.78,0,1,1
SIM-0022,16.25,1,1,0
SIM-0023,16.97,0,0,0
SIM-0024,19.91,0,0,0
SIM-0025,16.84,0,1,0
SIM-0026,16.14,0,0,0
SIM-0027,18.01,1,0,0
SIM-0028,19.36,0,0,1
SIM-0029,18.7,0,0,0
SIM-0030,17.61,1,1,1
SIM-0031,18.21,0,0,1
SIM-0032,18.05,0,0,0
SIM-0033,19.31,1,1,0
SIM-0034,18.18,0,1,0
SIM-0035,17.87,1,1,0
SIM-0036,19.84,0,0,0
SIM-0037,19.92,1,0,0
SIM-0038,19.47,0,1,0
SIM-0039,19.25,1,0,0
SIM-0040,16.22,1,0,0
SIM-0041,19.6,1,1,0
SIM-0042,18.75,1,0,0
SIM-0043,16.73,0,0,0
SIM-0044,18.65,0,0,0
SIM-0045,16.38,0,1,0
SIM-0046,19.19,1,1,0
SIM-0047,16.46,1,1,0
SIM-0048,16.14,0,0,0
SIM-0049,16.78,0,1,0
SIM-0050,18.81,0,1,1
SIM-0051,19.69,1,0,0
SIM-0052,19.03,1,0,1
SIM-0053,19.07,1,1,0
SIM-0054,18.43,0,0,1
SIM-0055,19.34,0,1,1
SIM-0056,19.22,1,0,1
SIM-0057,19.97,1,1,0
SIM-0058,19.08,0,1,0
SIM-0059,18.93,0,1,0
SIM-0060,19.05,0,1,1
SIM-0061,16.26,1,1,0
SIM-0062,16.0,1,1,0
SIM-0063,17.45,0,1,0
SIM-0064,18.14,1,0,0
SIM-0065,16.9,0,0,0
SIM-0066,18.95,1,0,0
SIM-0067,18.64,0,0,0
SIM-0068,17.37,1,1,1
SIM-0069,19.97,1,0,1
SIM-0070,16.66,1,1,0
SIM-0071,16.66,0,0,0
SIM-0072,18.85,0,1,0
SIM-0073,17.65,0,1,0
SIM-0074,19.24,0,0,1
SIM-0075,16.1,1,1,0
SIM-0076,16.16,0,0,0
SIM-0077,19.32,1,0,1
SIM-0078,17.23,1,1,0
SIM-0079,19.43,1,1,0
SIM-0080,17.59,1,0,0
SIM-0081,19.31,1,1,0
SIM-0082,17.47,1,1,0
SIM-0083,17.12,1,0,0
SIM-0084,18.3,0,0,0
SIM-0085,19.8,1,1,0
SIM-0086,18.47,0,1,0
SIM-0087,16.02,0,0,0
SIM-0088,18.38,1,0,0
SIM-0089,16.45,1,0,0
SIM-0090,16.81,0,1,0
SIM-0091,19.18,0,1,0
SIM-0092,16.67,0,0,0
SIM-0093,17.56,0,0,0
SIM-0094,19.97,1,0,0
SIM-0095,19.15,1,1,1
SIM-0096,16.68,0,0,0
SIM-0097,17.12,0,0,0
SIM-0098,16.56,1,0,0
SIM-0099,17.76,1,0,0
SIM-0100,18.54,1,1,0
SIM-0101,18.42,1,0,0
SIM-0102,19.31,1,1,0
SIM-0103,17.35,1,0,0
SIM-0104,16.48,0,1,0
SIM-0105,16.95,1,1,0
SIM-0106,17.82,0,1,0
SIM-0107,17.73,1,1,0
SIM-0108,18.41,0,0,1
SIM-0109,17.25,0,1,0
SIM-0110,16.97,0,0,0
SIM-0111,18.89,0,0,0
SIM-0112,17.14,1,0,0
SIM-0113,16.49,0,0,0
SIM-0114,19.33,1,1,0
SIM-0115,19.11,1,0,0
SIM-0116,19.08,0,1,1
SIM-0117,18.12,1,0,0
SIM-0118,17.6,1,0,0
SIM-0119,17.87,1,0,1
SIM-0120,17.11,0,0,1
SIM-0121,19.65,1,0,0
SIM-0122,19.67,1,0,0
SIM-0123,17.91,1,0,0
SIM-0124,18.25,1,1,0
SIM-0125,19.99,0,1,0
SIM-0126,16.05,1,0,0
SIM-0127,17.04,0,0,0
SIM-0128,18.11,1,1,0
SIM-0129,16.27,1,1,0
SIM-0130,19.95,0,0,0
SIM-0131,19.04,0,1,0
SIM-0132,17.48,0,0,0
SIM-0133,16.95,1,1,1
SIM-0134,17.67,0,1,0
SIM-0135,18.06,0,1,0
SIM-0136,18.82,1,0,0
SIM-0137,19.58,1,0,1
SIM-0138,16.46,1,0,0
SIM-0139,18.61,0,0,0
SIM-0140,18.17,1,0,0
SIM-0141,19.09,0,1,0
SIM-0142,17.91,0,0,0
SIM-0143,18.93,1,0,1
SIM-0144,16.81,1,0,0
SIM-0145,16.34,1,0,0
SIM-0146,18.87,1,1,1
SIM-0147,19.96,0,1,1
SIM-0148,17.14,1,0,1
SIM-0149,17.92,0,1,0
SIM-0150,16.66,1,0,0
SIM-0151,19.54,0,1,1
SIM-0152,17.09,1,0,0
SIM-0153,16.01,1,1,0
SIM-0154,18.98,1,0,0
SIM-0155,17.15,1,1,0
SIM-0156,17.7,0,0,0
SIM-0157,16.57,0,1,0
SIM-0158,16.04,0,0,0
SIM-0159,16.78,0,1,1
SIM-0160,18.27,0,1,0
SIM-0161,18.96,0,0,0
SIM-0162,18.22,0,1,0
SIM-0163,17.2,1,1,0
SIM-0164,16.36,0,0,0
SIM-0165,17.78,1,0,1
SIM-0166,16.27,0,0,0
SIM-0167,17.24,0,1,0
SIM-0168,19.84,0,0,0
SIM-0169,18.62,1,0,1
SIM-0170,19.18,1,1,0
SIM-0171,16.76,1,0,0
SIM-0172,16.35,1,0,0
SIM-0173,18.56,0,0,0
SIM-0174,19.82,1,0,0
SIM-0175,17.6,1,1,0
SIM-0176,17.34,1,0,0
SIM-0177,18.15,0,0,0
SIM-0178,18.17,0,0,0
SIM-0179,17.91,0,1,1
SIM-0180,19.58,0,0,1
SIM-0181,19.14,0,1,0
SIM-0182,16.93,0,1,0
SIM-0183,16.34,0,1,0
SIM-0184,19.7,1,0,0
SIM-0185,16.54,1,0,0
SIM-0186,16.23,1,1,0
SIM-0187,16.95,0,1,0
SIM-0188,17.21,1,1,1
SIM-0189,16.96,1,0,0
SIM-0190,17.08,1,1,0
SIM-0191,19.82,1,0,0
SIM-0192,17.9,0,1,0
SIM-0193,16.09,1,1,0
SIM-0194,16.6,0,0,0
SIM-0195,16.99,0,1,0
SIM-0196,18.56,0,0,1
SIM-0197,19.82,0,0,0
SIM-0198,19.72,1,0,0
SIM-0199,16.71,0,0,0
SIM-0200,19.68,1,1,1
SIM-0201,16.35,0,0,0
SIM-0202,19.51,1,1,0
SIM-0203,17.0,0,0,0
SIM-0204,19.84,0,0,0
SIM-0205,19.23,0,0,0
SIM-0206,16.91,0,1,0
SIM-0207,17.93,1,0,0
SIM-0208,16.03,1,0,0
SIM-0209,17.37,0,1,0
SIM-0210,19.93,1,0,1
SIM-0211,19.65,0,0,0
SIM-0212,17.63,0,0,1
SIM-0213,17.61,0,0,0
SIM-0214,17.24,1,1,0
SIM-0215,17.02,0,0,0
SIM-0216,17.17,1,1,0
SIM-0217,19.82,1,1,0
SIM-0218,16.66,1,1,0
SIM-0219,18.64,0,1,0
SIM-0220,18.99,1,1,0
SIM-0221,19.92,0,0,0
SIM-0222,17.76,1,1,0
SIM-0223,17.24,0,0,0
SIM-0224,18.64,1,0,0
SIM-0225,17.43,1,0,0
SIM-0226,18.96,0,1,1
SIM-0227,16.24,1,1,0
SIM-0228,19.69,0,0,0
SIM-0229,18.37,0,0,0
SIM-0230,18.04,0,0,0
SIM-0231,18.85,0,1,0
SIM-0232,18.0,1,0,0
SIM-0233,19.78,1,1,0
SIM-0234,18.44,0,0,0
SIM-0235,19.25,0,1,0
SIM-0236,16.48,0,0,0
SIM-0237,18.9,1,0,1
SIM-0238,18.94,0,1,0
SIM-0239,16.57,1,0,0
SIM-0240,18.64,1,1,0
SIM-0241,18.34,0,0,1
SIM-0242,17.79,1,0,0
SIM-0243,16.09,0,0,0
SIM-0244,19.21,0,0,1
SIM-0245,18.47,0,0,0
SIM-0246,18.36,0,0,0
SIM-0247,16.97,1,0,0
SIM-0248,16.09,0,0,0
SIM-0249,19.09,1,0,0
SIM-0250,19.93,0,0,0
SIM-0251,16.77,0,0,0
SIM-0252,18.71,1,1,0
SIM-0253,16.57,1,1,0
SIM-0254,16.55,0,1,0
SIM-0255,18.77,0,0,0
SIM-0256,19.89,1,1,0
SIM-0257,19.31,0,0,0
SIM-0258,19.93,1,1,1
SIM-0259,16.61,0,1,0
SIM-0260,19.88,0,1,0
SIM-0261,17.22,0,0,0
SIM-0262,16.94,0,1,0
SIM-0263,19.66,1,0,0
SIM-0264,18.63,1,1,0
SIM-0265,16.02,1,0,0
SIM-0266,16.1,1,1,1
SIM-0267,16.25,1,1,0
SIM-0268,17.28,0,1,0
SIM-0269,16.85,0,1,0
SIM-0270,19.96,1,1,0
SIM-0271,16.75,0,1,0
SIM-0272,16.13,1,0,0
SIM-0273,16.3,1,0,0
SIM-0274,18.1,1,1,0
SIM-0275,18.56,1,1,0
SIM-0276,18.58,0,0,0
SIM-0277,19.08,1,0,0
SIM-0278,16.43,0,1,0
SIM-0279,19.41,1,0,1
SIM-0280,19.46,1,1,0
SIM-0281,16.12,0,1,0
SIM-0282,16.77,0,0,0
SIM-0283,16.08,0,1,0
SIM-0284,19.15,0,0,0
SIM-0285,17.69,1,1,1
SIM-0286,18.44,1,0,1
SIM-0287,16.31,0,0,0
SIM-0288,17.27,0,0,0
SIM-0289,16.84,1,1,0
SIM-0290,19.52,1,0,0
SIM-0291,16.24,0,1,0
SIM-0292,19.07,1,1,0
SIM-0293,16.57,0,0,0
SIM-0294,19.84,0,0,0
SIM-0295,16.68,1,0,0
SIM-0296,19.88,1,0,1
SIM-0297,19.71,0,0,0
SIM-0298,19.48,0,0,0
SIM-0299,16.73,1,1,1
SIM-0300,17.23,1,0,0
SIM-0301,17.08,0,1,0
SIM-0302,17.01,0,1,0
SIM-0303,17.26,1,1,1
SIM-0304,18.37,1,0,1
SIM-0305,19.54,0,1,0
SIM-0306,17.62,1,0,0
SIM-0307,17.91,1,1,0
SIM-0308,19.09,1,0,0
SIM-0309,17.59,1,1,0
SIM-0310,17.34,0,0,0
SIM-0311,18.69,0,1,0
SIM-0312,19.42,1,0,1
SIM-0313,16.93,0,1,0
SIM-0314,16.78,1,0,0
SIM-0315,17.44,0,0,0
SIM-0316,16.9,1,0,0
SIM-0317,19.57,1,0,0
SIM-0318,19.0,1,1,0
SIM-0319,16.53,1,0,0
SIM-0320,19.65,0,1,0
SIM-0321,16.9,0,1,0
SIM-0322,18.61,1,1,0
SIM-0323,17.12,0,0,0
SIM-0324,18.36,1,0,0
SIM-0325,18.52,1,1,1
SIM-0326,16.32,0,1,0
SIM-0327,19.98,1,0,0
SIM-0328,16.2,0,0,0
SIM-0329,18.56,1,1,0
SIM-0330,16.22,1,1,0
SIM-0331,17.43,0,0,0
SIM-0332,17.28,1,0,0
SIM-0333,18.74,0,0,0
SIM-0334,17.04,1,0,0
SIM-0335,18.17,1,0,0
SIM-0336,18.76,1,0,1
SIM-0337,17.38,1,0,0
SIM-0338,17.01,1,0,0
SIM-0339,19.35,0,0,1
SIM-0340,16.43,0,1,0
SIM-0341,17.67,0,1,0
SIM-0342,16.85,1,1,0
SIM-0343,17.22,1,0,0
SIM-0344,18.18,0,0,0
SIM-0345,18.73,0,0,0
SIM-0346,19.84,1,0,1
SIM-0347,17.44,1,0,0
SIM-0348,17.93,1,0,0
SIM-0349,19.9,1,1,0
SIM-0350,19.91,1,1,0
SIM-0351,18.27,1,0,1
SIM-0352,16.19,0,0,0
SIM-0353,18.61,0,1,0
SIM-0354,16.49,0,1,0
SIM-0355,19.34,0,1,1
SIM-0356,17.43,0,0,0
SIM-0357,19.74,1,1,0
SIM-0358,16.27,0,1,0
SIM-0359,16.94,1,0,0
SIM-0360,18.72,1,0,0
SIM-0361,19.21,1,1,0
SIM-0362,16.03,0,0,0
SIM-0363,17.05,0,1,0
SIM-0364,16.84,0,1,0
SIM-0365,19.29,1,0,0
SIM-0366,18.36,1,1,0
SIM-0367,17.5,1,0,0
SIM-0368,19.04,1,0,1
SIM-0369,17.73,1,1,0
SIM-0370,17.51,1,1,0
SIM-0371,18.68,1,0,0
SIM-0372,17.28,1,1,0
SIM-0373,18.84,0,1,0
SIM-0374,16.73,0,1,0
SIM-0375,19.21,0,1,0
SIM-0376,16.2,0,0,0
SIM-0377,19.59,0,1,1
SIM-0378,18.04,0,0,0
SIM-0379,19.29,1,0,0
SIM-0380,16.01,1,1,0
SIM-0381,16.38,0,0,0
SIM-0382,17.66,0,1,0
SIM-0383,16.78,0,1,0
SIM-0384,16.65,0,0,0
SIM-0385,16.44,1,1,0
SIM-0386,18.65,0,0,0
SIM-0387,17.84,0,1,0
SIM-0388,18.78,0,1,0
SIM-0389,19.98,0,1,0
SIM-0390,17.75,1,1,1
SIM-0391,18.46,0,1,0
SIM-0392,18.99,1,1,0
SIM-0393,16.76,0,0,0
SIM-0394,16.61,1,0,0
SIM-0395,16.66,0,0,0
SIM-0396,17.17,1,1,0
SIM-0397,18.75,0,0,0
SIM-0398,18.99,0,1,0
SIM-0399,16.77,0,1,0
SIM-0400,18.71,0,1,0
SIM-0401,19.25,0,0,1
SIM-0402,19.46,1,1,1
SIM-0403,18.52,1,1,0
SIM-0404,18.58,1,1,0
SIM-0405,19.28,0,1,0
SIM-0406,19.7,0,0,0
SIM-0407,16.75,1,0,0
SIM-0408,17.77,0,0,0
SIM-0409,18.49,0,0,0
SIM-0410,17.95,1,0,0
SIM-0411,18.59,0,1,0
SIM-0412,17.72,1,0,0
SIM-0413,19.67,1,1,0
SIM-0414,16.28,0,0,0
SIM-0415,17.38,1,1,0
SIM-0416,17.19,0,0,0
SIM-0417,16.86,1,1,0
SIM-0418,18.0,1,1,1
SIM-0419,18.31,0,0,0
SIM-0420,17.13,1,1,0
SIM-0421,17.8,1,1,0
SIM-0422,19.01,1,0,0
SIM-0423,19.11,1,1,1
SIM-0424,19.42,0,0,0
SIM-0425,17.69,0,1,1
SIM-0426,19.71,1,1,0
SIM-0427,16.06,1,1,0
SIM-0428,17.83,1,0,0
SIM-0429,19.1,1,0,0
SIM-0430,16.47,1,1,0
SIM-0431,19.72,0,1,0
SIM-0432,18.35,1,1,0
SIM-0433,20.0,0,0,0
SIM-0434,19.45,1,0,0
SIM-0435,18.08,0,0,0
SIM-0436,16.37,0,1,0
SIM-0437,16.64,0,1,0
SIM-0438,18.76,1,0,1
SIM-0439,16.41,1,0,0
SIM-0440,18.99,1,1,1
SIM-0441,18.74,1,1,0
SIM-0442,18.46,1,1,0
SIM-0443,17.99,1,0,1
SIM-0444,19.47,1,1,0
SIM-0445,19.47,1,0,0
SIM-0446,19.92,0,0,0
SIM-0447,18.67,1,1,0
SIM-0448,19.3,1,0,1
SIM-0449,16.43,1,1,0
SIM-0450,19.79,0,1,0
SIM-0451,19.97,0,1,0
SIM-0452,18.69,1,1,0
SIM-0453,16.55,0,1,0
SIM-0454,17.23,1,1,0
SIM-0455,19.56,0,0,1
SIM-0456,17.56,0,1,0
SIM-0457,17.15,0,0,0
SIM-0458,18.27,0,1,0
SIM-0459,18.39,0,1,0
SIM-0460,16.61,0,0,0
SIM-0461,18.78,0,0,1
SIM-0462,16.74,0,1,0
SIM-0463,18.73,1,0,0
SIM-0464,16.76,1,1,0
SIM-0465,18.65,0,0,1
SIM-0466,18.03,0,1,1
SIM-0467,17.55,0,1,0
SIM-0468,19.38,1,1,0
SIM-0469,18.75,0,0,0
SIM-0470,17.95,0,0,0
SIM-0471,17.08,0,1,0
SIM-0472,19.87,1,1,0
SIM-0473,16.94,0,0,0
SIM-0474,18.51,0,0,0
SIM-0475,16.17,0,1,0
SIM-0476,17.74,0,0,0
SIM-0477,18.24,0,1,1
SIM-0478,17.65,0,1,0
SIM-0479,19.9,0,0,1
SIM-0480,19.97,1,0,0
SIM-0481,18.03,1,0,0
SIM-0482,16.42,1,0,0
SIM-0483,19.25,0,1,1
SIM-0484,17.29,0,1,0
SIM-0485,16.16,1,1,0
SIM-0486,18.53,0,0,0
SIM-0487,16.93,1,1,0
SIM-0488,18.62,1,0,0
SIM-0489,18.55,0,0,0
SIM-0490,18.26,0,1,0
SIM-0491,16.76,1,1,0
SIM-0492,16.13,1,0,0
SIM-0493,19.92,0,0,0
SIM-0494,19.28,0,1,0
SIM-0495,18.42,1,1,1
SIM-0496,18.08,0,1,1
SIM-0497,16.31,0,0,1
SIM-0498,18.93,0,0,1
SIM-0499,16.14,1,0,0
SIM-0500,17.09,0,1,0
SIM-0501,16.44,1,0,1
SIM-0502,18.99,1,0,0
SIM-0503,19.82,1,1,0
SIM-0504,16.85,0,0,0
SIM-0505,19.19,0,0,0
SIM-0506,19.68,0,1,0
SIM-0507,16.01,1,0,0
SIM-0508,20.0,0,0,1
SIM-0509,17.85,1,1,0
SIM-0510,19.42,1,0,1
SIM-0511,19.58,1,0,0
SIM-0512,18.06,1,1,0
SIM-0513,17.13,1,1,0
SIM-0514,19.72,1,1,0
SIM-0515,16.96,0,0,0
SIM-0516,17.82,1,1,1
SIM-0517,19.87,0,1,1
SIM-0518,18.94,0,1,0
SIM-0519,16.39,0,0,0
SIM-0520,16.29,1,1,0
SIM-0521,17.41,0,1,0
SIM-0522,17.93,1,0,0
SIM-0523,16.56,0,1,0
SIM-0524,19.24,0,0,0
SIM-0525,17.93,0,0,0
SIM-0526,19.55,1,0,0
SIM-0527,17.37,0,0,0
SIM-0528,16.98,0,0,0
SIM-0529,16.48,1,1,0
SIM-0530,19.23,1,1,1
SIM-0531,18.41,1,0,0
SIM-0532,18.18,0,0,0
SIM-0533,18.93,0,0,0
SIM-0534,17.05,0,0,0
SIM-0535,18.52,0,1,0
SIM-0536,16.29,1,1,0
SIM-0537,18.88,0,1,0
SIM-0538,19.37,1,0,0
SIM-0539,19.76,0,1,0
SIM-0540,17.58,0,1,0
SIM-0541,18.22,1,1,0
SIM-0542,17.58,1,1,1
SIM-0543,18.32,1,0,1
SIM-0544,16.81,0,0,0
SIM-0545,19.68,0,1,1
SIM-0546,18.65,0,0,0
SIM-0547,19.56,1,1,0
SIM-0548,17.59,1,1,0
SIM-0549,19.69,1,1,0
SIM-0550,17.75,1,1,0
SIM-0551,18.15,1,1,0
SIM-0552,18.84,0,0,1
SIM-0553,16.24,1,1,0
SIM-0554,19.23,1,1,0
SIM-0555,19.82,1,0,1
SIM-0556,16.28,0,0,0
SIM-0557,19.11,1,0,1
SIM-0558,18.23,1,1,0
SIM-0559,19.35,1,0,0
SIM-0560,17.42,0,0,0
SIM-0561,18.45,0,1,0
SIM-0562,17.35,1,0,0
SIM-0563,18.87,1,1,0
SIM-0564,17.53,0,0,0
SIM-0565,19.69,0,0,0
SIM-0566,19.07,0,0,0
SIM-0567,16.28,1,1,0
SIM-0568,18.25,0,0,0
SIM-0569,19.64,1,1,0
SIM-0570,16.96,1,1,0
SIM-0571,17.02,0,0,0
SIM-0572,18.42,0,1,1
SIM-0573,19.72,1,0,0
SIM-0574,18.68,0,1,0
SIM-0575,19.34,0,0,0
SIM-0576,16.64,0,0,0
SIM-0577,17.02,1,0,0
SIM-0578,16.73,0,1,0
SIM-0579,16.78,0,1,0
SIM-0580,17.75,0,1,0
SIM-0581,16.01,0,1,0
SIM-0582,16.59,0,0,0
SIM-0583,18.87,1,0,0
SIM-0584,17.13,0,1,0
SIM-0585,18.43,1,0,0
SIM-0586,18.93,1,0,0
SIM-0587,16.81,0,0,0
SIM-0588,18.39,1,0,1
SIM-0589,19.42,0,1,0
SIM-0590,18.8,0,1,0
SIM-0591,18.03,0,0,1
SIM-0592,18.16,0,0,0
SIM-0593,16.98,1,1,0
SIM-0594,16.41,0,1,0
SIM-0595,19.19,1,0,1
SIM-0596,18.29,0,1,0
SIM-0597,19.01,1,1,0
SIM-0598,18.69,0,1,1
SIM-0599,16.55,0,1,0
SIM-0600,16.34,0,1,0
SIM-0601,16.59,0,1,0
SIM-0602,19.68,0,1,0
SIM-0603,17.61,0,1,0
SIM-0604,17.6,1,0,0
SIM-0605,16.34,1,1,1
SIM-0606,17.49,1,0,0
SIM-0607,17.66,0,0,0
SIM-0608,19.19,0,1,0
SIM-0609,16.13,0,1,0
SIM-0610,18.67,0,0,0
SIM-0611,16.91,0,0,0
SIM-0612,19.31,1,0,0
SIM-0613,18.19,1,0,0
SIM-0614,17.53,0,1,0
SIM-0615,18.75,0,0,0
SIM-0616,19.88,1,0,0
SIM-0617,18.55,1,0,0
SIM-0618,18.61,1,1,0
SIM-0619,16.07,1,1,0
SIM-0620,16.81,1,0,0
SIM-0621,17.72,1,1,0
SIM-0622,19.86,1,0,1
SIM-0623,19.39,0,1,1
SIM-0624,17.33,1,1,0
SIM-0625,16.01,0,0,0
SIM-0626,17.31,0,1,0
SIM-0627,17.28,0,1,0
SIM-0628,19.24,1,0,0
SIM-0629,19.87,1,0,1
SIM-0630,18.3,1,0,0
SIM-0631,17.09,0,0,0
SIM-0632,16.77,1,1,0
SIM-0633,19.01,1,0,0
SIM-0634,16.98,0,0,1
SIM-0635,18.54,1,1,1
SIM-0636,16.49,1,1,0
SIM-0637,16.58,1,1,0
SIM-0638,17.86,1,1,0
SIM-0639,16.14,1,0,0
SIM-0640,16.49,0,1,0
SIM-0641,17.98,0,1,0
SIM-0642,19.16,1,1,0
SIM-0643,19.83,0,0,0
SIM-0644,18.46,0,1,0
SIM-0645,18.95,0,1,0
SIM-0646,17.77,1,0,0
SIM-0647,19.61,0,0,1
SIM-0648,19.36,0,1,0
SIM-0649,19.33,1,1,0
SIM-0650,17.91,1,0,0
SIM-0651,16.4,1,0,0
SIM-0652,16.88,1,1,0
SIM-0653,19.32,0,0,0
SIM-0654,18.64,0,0,1
SIM-0655,16.11,0,1,0
SIM-0656,17.29,1,1,0
SIM-0657,18.33,1,0,0
SIM-0658,18.83,1,1,1
SIM-0659,16.6,0,1,0
SIM-0660,16.7,1,1,0
SIM-0661,16.77,1,1,0
SIM-0662,16.78,1,1,0
SIM-0663,16.09,0,0,0
SIM-0664,16.14,1,1,0
SIM-0665,19.01,1,0,0
SIM-0666,16.91,1,0,0
SIM-0667,17.42,1,1,1
SIM-0668,19.86,0,0,0
SIM-0669,19.76,0,0,0
SIM-0670,18.49,0,1,0
SIM-0671,16.44,0,0,0
SIM-0672,17.25,0,0,1
SIM-0673,17.26,0,1,0
SIM-0674,18.46,1,0,0
SIM-0675,17.19,0,1,0
SIM-0676,16.7,1,0,0
SIM-0677,19.77,0,0,1
SIM-0678,17.63,1,0,0
SIM-0679,17.16,0,1,0
SIM-0680,19.49,1,1,1
SIM-0681,19.37,1,1,1
SIM-0682,18.45,0,0,0
SIM-0683,19.44,1,1,0
SIM-0684,16.69,1,0,0
SIM-0685,17.97,1,0,1
SIM-0686,19.24,1,0,0
SIM-0687,19.42,1,0,0
SIM-0688,17.84,0,1,0
SIM-0689,18.38,1,1,0
SIM-0690,16.37,1,0,0
SIM-0691,18.74,1,0,0
SIM-0692,18.46,0,1,0
SIM-0693,18.38,0,0,0
SIM-0694,18.91,0,1,0
SIM-0695,16.34,1,1,0
SIM-0696,17.05,0,0,0
SIM-0697,17.48,0,0,0
SIM-0698,17.4,0,1,0
SIM-0699,18.05,0,1,0
SIM-0700,19.72,0,0,1
SIM-0701,16.46,1,1,0
SIM-0702,17.35,0,0,0
SIM-0703,16.14,1,0,0
SIM-0704,16.13,1,1,0
SIM-0705,19.31,1,0,1
SIM-0706,19.35,0,0,0
SIM-0707,18.6,1,0,0
SIM-0708,17.52,1,1,0
SIM-0709,16.21,0,1,0
SIM-0710,19.94,0,1,1
SIM-0711,16.02,0,1,0
SIM-0712,18.72,0,0,0
SIM-0713,19.53,1,0,1
SIM-0714,18.27,0,1,0
