epoch,train_acc,dev_acc,loss,model,repeat,fold,parcellation
1,0.4975845410628019,0.5384615384615384,0.59649258852005,R,0,0,ica25
2,0.5024154589371981,0.5384615384615384,0.630355179309845,R,0,0,ica25
3,0.5024154589371981,0.5384615384615384,0.7367784380912781,R,0,0,ica25
4,0.5072463768115942,0.5384615384615384,0.9592113494873047,R,0,0,ica25
5,0.5072463768115942,0.5384615384615384,0.7149295806884766,R,0,0,ica25
6,0.5072463768115942,0.5384615384615384,0.656164824962616,R,0,0,ica25
7,0.5120772946859904,0.5384615384615384,0.7325960993766785,R,0,0,ica25
8,0.5120772946859904,0.5384615384615384,0.6942441463470459,R,0,0,ica25
9,0.5120772946859904,0.5384615384615384,0.6291439533233643,R,0,0,ica25
10,0.5169082125603864,0.5384615384615384,0.6839094758033752,R,0,0,ica25
11,0.5169082125603864,0.5384615384615384,0.789570689201355,R,0,0,ica25
12,0.5217391304347826,0.5384615384615384,0.6712741851806641,R,0,0,ica25
13,0.5217391304347826,0.5384615384615384,0.6583926677703857,R,0,0,ica25
14,0.5217391304347826,0.5384615384615384,0.7029281854629517,R,0,0,ica25
15,0.5217391304347826,0.5384615384615384,0.6465937495231628,R,0,0,ica25
16,0.5217391304347826,0.5384615384615384,0.7224708199501038,R,0,0,ica25
17,0.5265700483091788,0.5384615384615384,0.7535340785980225,R,0,0,ica25
18,0.5314009661835749,0.5384615384615384,0.6255549192428589,R,0,0,ica25
19,0.5314009661835749,0.5384615384615384,0.8029413223266602,R,0,0,ica25
20,0.5314009661835749,0.5384615384615384,0.7265028357505798,R,0,0,ica25
21,0.5314009661835749,0.5384615384615384,0.7648002505302429,R,0,0,ica25
22,0.5314009661835749,0.5384615384615384,0.6971817016601562,R,0,0,ica25
23,0.5362318840579711,0.5384615384615384,0.6488603949546814,R,0,0,ica25
24,0.5362318840579711,0.5384615384615384,0.6882991790771484,R,0,0,ica25
25,0.5362318840579711,0.5384615384615384,0.6518896222114563,R,0,0,ica25
26,0.5362318840579711,0.5384615384615384,0.7862261533737183,R,0,0,ica25
27,0.5362318840579711,0.5384615384615384,0.6004874110221863,R,0,0,ica25
28,0.5362318840579711,0.5384615384615384,0.680161714553833,R,0,0,ica25
29,0.5362318840579711,0.5384615384615384,0.776989221572876,R,0,0,ica25
30,0.5362318840579711,0.5384615384615384,0.6651923656463623,R,0,0,ica25
1,0.5096153846153846,0.5384615384615384,0.71152263879776,R,0,1,ica25
2,0.5096153846153846,0.5384615384615384,0.6617085337638855,R,0,1,ica25
3,0.5096153846153846,0.5384615384615384,0.684634804725647,R,0,1,ica25
4,0.5096153846153846,0.5384615384615384,0.6688750386238098,R,0,1,ica25
5,0.5096153846153846,0.5384615384615384,0.644900918006897,R,0,1,ica25
6,0.5096153846153846,0.6153846153846154,0.6805654168128967,R,0,1,ica25
7,0.5144230769230769,0.6153846153846154,0.757436215877533,R,0,1,ica25
8,0.5192307692307693,0.6153846153846154,0.6542226672172546,R,0,1,ica25
9,0.5192307692307693,0.6153846153846154,0.6612459421157837,R,0,1,ica25
10,0.5192307692307693,0.6153846153846154,0.7010877728462219,R,0,1,ica25
11,0.5192307692307693,0.6153846153846154,0.7480114102363586,R,0,1,ica25
12,0.5336538461538461,0.6153846153846154,0.6717246770858765,R,0,1,ica25
13,0.5336538461538461,0.6153846153846154,0.7385597229003906,R,0,1,ica25
14,0.5384615384615384,0.6153846153846154,0.6366513967514038,R,0,1,ica25
15,0.5384615384615384,0.6153846153846154,0.770175576210022,R,0,1,ica25
16,0.5384615384615384,0.6153846153846154,0.7309552431106567,R,0,1,ica25
17,0.5384615384615384,0.6153846153846154,0.6744085550308228,R,0,1,ica25
18,0.5432692307692307,0.6153846153846154,0.7025700211524963,R,0,1,ica25
19,0.5432692307692307,0.6153846153846154,0.6938210129737854,R,0,1,ica25
20,0.5480769230769231,0.6153846153846154,0.6957671046257019,R,0,1,ica25
21,0.5480769230769231,0.6153846153846154,0.7008369565010071,R,0,1,ica25
22,0.5480769230769231,0.6153846153846154,0.7273261547088623,R,0,1,ica25
23,0.5480769230769231,0.6153846153846154,0.6645342111587524,R,0,1,ica25
24,0.5480769230769231,0.6923076923076923,0.8114281892776489,R,0,1,ica25
25,0.5528846153846154,0.6923076923076923,0.6521579027175903,R,0,1,ica25
26,0.5480769230769231,0.6923076923076923,0.6441053152084351,R,0,1,ica25
27,0.5480769230769231,0.6923076923076923,0.5973910093307495,R,0,1,ica25
28,0.5576923076923077,0.6923076923076923,0.6596272587776184,R,0,1,ica25
29,0.5528846153846154,0.6923076923076923,0.6559550762176514,R,0,1,ica25
30,0.5528846153846154,0.6923076923076923,0.5963501334190369,R,0,1,ica25
1,0.5144230769230769,0.5384615384615384,0.6753135323524475,R,0,2,ica25
2,0.5144230769230769,0.5384615384615384,0.6862620711326599,R,0,2,ica25
3,0.5144230769230769,0.5384615384615384,0.6742818355560303,R,0,2,ica25
4,0.5144230769230769,0.5384615384615384,0.7165378332138062,R,0,2,ica25
5,0.5144230769230769,0.5384615384615384,0.6531472206115723,R,0,2,ica25
6,0.5240384615384616,0.5384615384615384,0.7917779088020325,R,0,2,ica25
7,0.5240384615384616,0.5384615384615384,0.6946004033088684,R,0,2,ica25
8,0.5288461538461539,0.5384615384615384,0.6578254699707031,R,0,2,ica25
9,0.5288461538461539,0.5384615384615384,0.6931780576705933,R,0,2,ica25
10,0.5288461538461539,0.5384615384615384,0.6889826059341431,R,0,2,ica25
11,0.5288461538461539,0.5384615384615384,0.6941949129104614,R,0,2,ica25
12,0.5288461538461539,0.46153846153846156,0.7952129244804382,R,0,2,ica25
13,0.5288461538461539,0.46153846153846156,0.6984372138977051,R,0,2,ica25
14,0.5240384615384616,0.46153846153846156,0.7520486116409302,R,0,2,ica25
15,0.5240384615384616,0.46153846153846156,0.6693238615989685,R,0,2,ica25
16,0.5288461538461539,0.46153846153846156,0.6939167976379395,R,0,2,ica25
17,0.5336538461538461,0.46153846153846156,0.6508183479309082,R,0,2,ica25
18,0.5384615384615384,0.46153846153846156,0.7833477854728699,R,0,2,ica25
19,0.5432692307692307,0.46153846153846156,0.6826550364494324,R,0,2,ica25
20,0.5480769230769231,0.46153846153846156,0.7479612827301025,R,0,2,ica25
21,0.5480769230769231,0.46153846153846156,0.7069824934005737,R,0,2,ica25
22,0.5480769230769231,0.46153846153846156,0.7282620668411255,R,0,2,ica25
23,0.5480769230769231,0.46153846153846156,0.6813950538635254,R,0,2,ica25
24,0.5528846153846154,0.46153846153846156,0.7037116885185242,R,0,2,ica25
25,0.5576923076923077,0.46153846153846156,0.6397610306739807,R,0,2,ica25
26,0.5528846153846154,0.46153846153846156,0.5974382758140564,R,0,2,ica25
27,0.5528846153846154,0.46153846153846156,0.6341618299484253,R,0,2,ica25
28,0.5528846153846154,0.5384615384615384,0.6751165390014648,R,0,2,ica25
29,0.5528846153846154,0.5384615384615384,0.7252190709114075,R,0,2,ica25
30,0.5576923076923077,0.5384615384615384,0.6811560392379761,R,0,2,ica25
1,0.4807692307692308,0.7692307692307693,0.6599466800689697,R,0,3,ica25
2,0.49038461538461536,0.7692307692307693,0.6941570043563843,R,0,3,ica25
3,0.49038461538461536,0.7692307692307693,0.7475833892822266,R,0,3,ica25
4,0.49038461538461536,0.7692307692307693,0.9204739928245544,R,0,3,ica25
5,0.49038461538461536,0.7692307692307693,0.6856825351715088,R,0,3,ica25
6,0.4951923076923077,0.7692307692307693,0.7559323310852051,R,0,3,ica25
7,0.4951923076923077,0.7692307692307693,0.6483273506164551,R,0,3,ica25
8,0.4951923076923077,0.7692307692307693,0.8373655080795288,R,0,3,ica25
9,0.4951923076923077,0.7692307692307693,0.6844525933265686,R,0,3,ica25
10,0.4951923076923077,0.7692307692307693,0.7464576959609985,R,0,3,ica25
11,0.4951923076923077,0.7692307692307693,0.6690800189971924,R,0,3,ica25
12,0.4951923076923077,0.7692307692307693,0.9287967681884766,R,0,3,ica25
13,0.4951923076923077,0.7692307692307693,0.6080095767974854,R,0,3,ica25
14,0.49038461538461536,0.7692307692307693,0.6766581535339355,R,0,3,ica25
15,0.49038461538461536,0.7692307692307693,0.6213563680648804,R,0,3,ica25
16,0.49038461538461536,0.7692307692307693,0.8074647784233093,R,0,3,ica25
17,0.49038461538461536,0.7692307692307693,0.6879062652587891,R,0,3,ica25
18,0.49038461538461536,0.7692307692307693,0.8120501637458801,R,0,3,ica25
19,0.49038461538461536,0.7692307692307693,0.8083377480506897,R,0,3,ica25
20,0.4951923076923077,0.7692307692307693,0.639854371547699,R,0,3,ica25
21,0.5,0.7692307692307693,0.6423510313034058,R,0,3,ica25
22,0.5048076923076923,0.7692307692307693,0.6880379319190979,R,0,3,ica25
23,0.5096153846153846,0.7692307692307693,0.6689813137054443,R,0,3,ica25
24,0.5096153846153846,0.7692307692307693,0.6095041036605835,R,0,3,ica25
25,0.5096153846153846,0.7692307692307693,0.7007489800453186,R,0,3,ica25
26,0.5096153846153846,0.7692307692307693,0.6224337220191956,R,0,3,ica25
27,0.5096153846153846,0.7692307692307693,0.6930480003356934,R,0,3,ica25
28,0.5096153846153846,0.7692307692307693,0.9647433757781982,R,0,3,ica25
29,0.5096153846153846,0.7692307692307693,0.63857102394104,R,0,3,ica25
30,0.5096153846153846,0.7692307692307693,0.7537434101104736,R,0,3,ica25
1,0.4855769230769231,0.5384615384615384,0.7480887174606323,R,0,4,ica25
2,0.49038461538461536,0.5384615384615384,0.764863133430481,R,0,4,ica25
3,0.49038461538461536,0.5384615384615384,0.6564151048660278,R,0,4,ica25
4,0.49038461538461536,0.5384615384615384,0.7678045034408569,R,0,4,ica25
5,0.49038461538461536,0.5384615384615384,0.7534582614898682,R,0,4,ica25
6,0.4951923076923077,0.5384615384615384,0.8258525133132935,R,0,4,ica25
7,0.4951923076923077,0.5384615384615384,0.6350351572036743,R,0,4,ica25
8,0.4951923076923077,0.5384615384615384,0.6685049533843994,R,0,4,ica25
9,0.4951923076923077,0.5384615384615384,0.8006137609481812,R,0,4,ica25
10,0.5048076923076923,0.5384615384615384,0.7307878136634827,R,0,4,ica25
11,0.5096153846153846,0.5384615384615384,0.7069604992866516,R,0,4,ica25
12,0.5096153846153846,0.5384615384615384,0.7832576036453247,R,0,4,ica25
13,0.5096153846153846,0.5384615384615384,0.6975303292274475,R,0,4,ica25
14,0.5096153846153846,0.5384615384615384,0.7784780859947205,R,0,4,ica25
15,0.5144230769230769,0.5384615384615384,0.6946234703063965,R,0,4,ica25
16,0.5144230769230769,0.5384615384615384,0.7058035135269165,R,0,4,ica25
17,0.5096153846153846,0.5384615384615384,0.7922663688659668,R,0,4,ica25
18,0.5096153846153846,0.5384615384615384,0.7497327327728271,R,0,4,ica25
19,0.5096153846153846,0.5384615384615384,0.6922057271003723,R,0,4,ica25
20,0.5096153846153846,0.5384615384615384,0.701423168182373,R,0,4,ica25
21,0.5096153846153846,0.5384615384615384,0.7251275777816772,R,0,4,ica25
22,0.5096153846153846,0.5384615384615384,0.7570076584815979,R,0,4,ica25
23,0.5144230769230769,0.5384615384615384,0.7035756707191467,R,0,4,ica25
24,0.5240384615384616,0.5384615384615384,0.7952662706375122,R,0,4,ica25
25,0.5240384615384616,0.6153846153846154,0.7650011777877808,R,0,4,ica25
26,0.5240384615384616,0.6153846153846154,0.6765085458755493,R,0,4,ica25
27,0.5240384615384616,0.6153846153846154,0.7631403207778931,R,0,4,ica25
28,0.5240384615384616,0.6153846153846154,0.7532249093055725,R,0,4,ica25
29,0.5240384615384616,0.6153846153846154,0.7489304542541504,R,0,4,ica25
30,0.5240384615384616,0.6153846153846154,0.8288877010345459,R,0,4,ica25
1,0.4855769230769231,0.7692307692307693,0.9157966375350952,R,0,5,ica25
2,0.4951923076923077,0.7692307692307693,0.7325162291526794,R,0,5,ica25
3,0.4951923076923077,0.7692307692307693,0.685806155204773,R,0,5,ica25
4,0.4951923076923077,0.7692307692307693,0.7214744687080383,R,0,5,ica25
5,0.4951923076923077,0.7692307692307693,0.6303983926773071,R,0,5,ica25
6,0.5,0.7692307692307693,0.7723956108093262,R,0,5,ica25
7,0.5,0.7692307692307693,0.6758435964584351,R,0,5,ica25
8,0.5,0.7692307692307693,0.7755044102668762,R,0,5,ica25
9,0.5,0.7692307692307693,0.6643191576004028,R,0,5,ica25
10,0.5048076923076923,0.7692307692307693,0.819844663143158,R,0,5,ica25
11,0.5096153846153846,0.7692307692307693,0.6533232927322388,R,0,5,ica25
12,0.5192307692307693,0.7692307692307693,0.6976451277732849,R,0,5,ica25
13,0.5192307692307693,0.7692307692307693,0.9028452038764954,R,0,5,ica25
14,0.5192307692307693,0.7692307692307693,0.7812334299087524,R,0,5,ica25
15,0.5240384615384616,0.7692307692307693,0.7060306668281555,R,0,5,ica25
16,0.5336538461538461,0.7692307692307693,0.7667570114135742,R,0,5,ica25
17,0.5384615384615384,0.7692307692307693,0.7518602609634399,R,0,5,ica25
18,0.5384615384615384,0.7692307692307693,0.7063004970550537,R,0,5,ica25
19,0.5384615384615384,0.7692307692307693,0.7393949031829834,R,0,5,ica25
20,0.5384615384615384,0.7692307692307693,0.7520456314086914,R,0,5,ica25
21,0.5384615384615384,0.7692307692307693,0.5950977802276611,R,0,5,ica25
22,0.5336538461538461,0.7692307692307693,0.6200373768806458,R,0,5,ica25
23,0.5336538461538461,0.7692307692307693,0.7055113911628723,R,0,5,ica25
24,0.5336538461538461,0.7692307692307693,0.7462787628173828,R,0,5,ica25
25,0.5288461538461539,0.7692307692307693,0.7022562026977539,R,0,5,ica25
26,0.5288461538461539,0.7692307692307693,0.6870047450065613,R,0,5,ica25
27,0.5288461538461539,0.7692307692307693,0.7475554943084717,R,0,5,ica25
28,0.5384615384615384,0.7692307692307693,0.7104250192642212,R,0,5,ica25
29,0.5384615384615384,0.7692307692307693,0.725649893283844,R,0,5,ica25
30,0.5384615384615384,0.7692307692307693,0.6145198941230774,R,0,5,ica25
1,0.5721153846153846,0.6153846153846154,0.8820533752441406,R,0,6,ica25
2,0.5673076923076923,0.6153846153846154,0.7121121287345886,R,0,6,ica25
3,0.5673076923076923,0.6153846153846154,0.6906096935272217,R,0,6,ica25
4,0.5673076923076923,0.6153846153846154,0.7087953686714172,R,0,6,ica25
5,0.5673076923076923,0.6153846153846154,0.7481164336204529,R,0,6,ica25
6,0.5769230769230769,0.6153846153846154,0.6418514251708984,R,0,6,ica25
7,0.5673076923076923,0.6153846153846154,0.8220353126525879,R,0,6,ica25
8,0.5673076923076923,0.6153846153846154,0.6048890948295593,R,0,6,ica25
9,0.5673076923076923,0.6153846153846154,0.6595123410224915,R,0,6,ica25
10,0.5769230769230769,0.6153846153846154,0.7266508340835571,R,0,6,ica25
11,0.5769230769230769,0.6153846153846154,0.6812683343887329,R,0,6,ica25
12,0.5865384615384616,0.6153846153846154,0.6325562000274658,R,0,6,ica25
13,0.5913461538461539,0.6153846153846154,0.7452913522720337,R,0,6,ica25
14,0.5913461538461539,0.6153846153846154,0.7159576416015625,R,0,6,ica25
15,0.6009615384615384,0.6153846153846154,0.6476917266845703,R,0,6,ica25
1,0.5096153846153846,0.5384615384615384,0.7865480184555054,R,0,7,ica25
2,0.5096153846153846,0.5384615384615384,0.6770470142364502,R,0,7,ica25
3,0.5096153846153846,0.5384615384615384,0.6609718799591064,R,0,7,ica25
4,0.5096153846153846,0.5384615384615384,0.6808140873908997,R,0,7,ica25
5,0.5144230769230769,0.5384615384615384,0.7318559885025024,R,0,7,ica25
6,0.5192307692307693,0.5384615384615384,0.7205301523208618,R,0,7,ica25
7,0.5096153846153846,0.5384615384615384,0.784160852432251,R,0,7,ica25
8,0.5144230769230769,0.5384615384615384,0.6587110757827759,R,0,7,ica25
9,0.5192307692307693,0.5384615384615384,0.6360774040222168,R,0,7,ica25
10,0.5192307692307693,0.5384615384615384,0.6194113492965698,R,0,7,ica25
11,0.5240384615384616,0.5384615384615384,0.6670534014701843,R,0,7,ica25
12,0.5288461538461539,0.5384615384615384,0.6789556741714478,R,0,7,ica25
13,0.5288461538461539,0.5384615384615384,0.7814692258834839,R,0,7,ica25
14,0.5336538461538461,0.5384615384615384,0.6737201809883118,R,0,7,ica25
15,0.5336538461538461,0.5384615384615384,0.659065842628479,R,0,7,ica25
16,0.5336538461538461,0.5384615384615384,0.7043551802635193,R,0,7,ica25
17,0.5336538461538461,0.5384615384615384,0.693580150604248,R,0,7,ica25
18,0.5336538461538461,0.5384615384615384,0.6417256593704224,R,0,7,ica25
19,0.5336538461538461,0.5384615384615384,0.7321518063545227,R,0,7,ica25
20,0.5384615384615384,0.46153846153846156,0.6197549104690552,R,0,7,ica25
21,0.5384615384615384,0.46153846153846156,0.637504518032074,R,0,7,ica25
22,0.5384615384615384,0.46153846153846156,0.8049069046974182,R,0,7,ica25
23,0.5480769230769231,0.46153846153846156,0.6708160042762756,R,0,7,ica25
24,0.5480769230769231,0.46153846153846156,0.6478121280670166,R,0,7,ica25
25,0.5480769230769231,0.46153846153846156,0.657188892364502,R,0,7,ica25
26,0.5528846153846154,0.46153846153846156,0.722404956817627,R,0,7,ica25
27,0.5528846153846154,0.46153846153846156,0.6690864562988281,R,0,7,ica25
28,0.5576923076923077,0.46153846153846156,0.6643779873847961,R,0,7,ica25
29,0.5576923076923077,0.46153846153846156,0.6555941700935364,R,0,7,ica25
30,0.5576923076923077,0.46153846153846156,0.7736912965774536,R,0,7,ica25
1,0.5192307692307693,0.6153846153846154,0.6472017168998718,R,0,8,ica25
2,0.5240384615384616,0.6153846153846154,0.713834285736084,R,0,8,ica25
3,0.5240384615384616,0.6153846153846154,0.6665330529212952,R,0,8,ica25
4,0.5240384615384616,0.6153846153846154,0.6485089659690857,R,0,8,ica25
5,0.5240384615384616,0.6153846153846154,0.6833274960517883,R,0,8,ica25
6,0.5288461538461539,0.6153846153846154,0.6801532506942749,R,0,8,ica25
7,0.5288461538461539,0.6153846153846154,0.6547619104385376,R,0,8,ica25
8,0.5336538461538461,0.6153846153846154,0.6719168424606323,R,0,8,ica25
9,0.5336538461538461,0.6153846153846154,0.6477599143981934,R,0,8,ica25
10,0.5384615384615384,0.6153846153846154,0.7707868814468384,R,0,8,ica25
11,0.5384615384615384,0.6153846153846154,0.6995518207550049,R,0,8,ica25
12,0.5336538461538461,0.6153846153846154,0.6712279319763184,R,0,8,ica25
13,0.5384615384615384,0.6153846153846154,0.6756765246391296,R,0,8,ica25
14,0.5384615384615384,0.6153846153846154,0.6978726387023926,R,0,8,ica25
15,0.5384615384615384,0.6153846153846154,0.685489296913147,R,0,8,ica25
16,0.5384615384615384,0.6153846153846154,0.6856734156608582,R,0,8,ica25
17,0.5384615384615384,0.6153846153846154,0.6869319677352905,R,0,8,ica25
18,0.5432692307692307,0.6153846153846154,0.6911967396736145,R,0,8,ica25
19,0.5432692307692307,0.6153846153846154,0.6941662430763245,R,0,8,ica25
20,0.5432692307692307,0.6153846153846154,0.698577880859375,R,0,8,ica25
21,0.5432692307692307,0.6153846153846154,0.6840548515319824,R,0,8,ica25
22,0.5432692307692307,0.6153846153846154,0.6966830492019653,R,0,8,ica25
23,0.5432692307692307,0.6153846153846154,0.6732581853866577,R,0,8,ica25
24,0.5432692307692307,0.6153846153846154,0.7140352129936218,R,0,8,ica25
25,0.5432692307692307,0.6153846153846154,0.6666984558105469,R,0,8,ica25
26,0.5432692307692307,0.6153846153846154,0.6512826681137085,R,0,8,ica25
27,0.5432692307692307,0.6153846153846154,0.6699002981185913,R,0,8,ica25
28,0.5432692307692307,0.6153846153846154,0.6964631676673889,R,0,8,ica25
29,0.5432692307692307,0.6153846153846154,0.7090263962745667,R,0,8,ica25
30,0.5432692307692307,0.6153846153846154,0.6674233078956604,R,0,8,ica25
1,0.47115384615384615,0.46153846153846156,0.7254055738449097,R,0,9,ica25
2,0.4807692307692308,0.46153846153846156,0.7108829617500305,R,0,9,ica25
3,0.4855769230769231,0.46153846153846156,0.6821510195732117,R,0,9,ica25
4,0.4855769230769231,0.46153846153846156,0.7742262482643127,R,0,9,ica25
5,0.4855769230769231,0.46153846153846156,0.6984124183654785,R,0,9,ica25
6,0.4951923076923077,0.46153846153846156,0.717673659324646,R,0,9,ica25
7,0.4951923076923077,0.46153846153846156,0.7049731612205505,R,0,9,ica25
8,0.49038461538461536,0.46153846153846156,0.7028568983078003,R,0,9,ica25
9,0.4951923076923077,0.46153846153846156,0.6774536371231079,R,0,9,ica25
10,0.4951923076923077,0.46153846153846156,0.7445593476295471,R,0,9,ica25
11,0.4951923076923077,0.46153846153846156,0.7698804140090942,R,0,9,ica25
12,0.49038461538461536,0.46153846153846156,0.8323272466659546,R,0,9,ica25
13,0.49038461538461536,0.46153846153846156,0.8758761882781982,R,0,9,ica25
14,0.4855769230769231,0.46153846153846156,0.6617571115493774,R,0,9,ica25
15,0.4807692307692308,0.46153846153846156,0.712404727935791,R,0,9,ica25
16,0.4855769230769231,0.46153846153846156,0.7077372074127197,R,0,9,ica25
17,0.49038461538461536,0.46153846153846156,0.7875590324401855,R,0,9,ica25
18,0.49038461538461536,0.46153846153846156,0.73675537109375,R,0,9,ica25
19,0.4951923076923077,0.46153846153846156,0.7704094648361206,R,0,9,ica25
20,0.49038461538461536,0.46153846153846156,0.6674460172653198,R,0,9,ica25
21,0.49038461538461536,0.46153846153846156,0.7288407683372498,R,0,9,ica25
22,0.49038461538461536,0.46153846153846156,0.6834229826927185,R,0,9,ica25
23,0.49038461538461536,0.46153846153846156,0.6623268127441406,R,0,9,ica25
24,0.49038461538461536,0.46153846153846156,0.6484612226486206,R,0,9,ica25
25,0.4951923076923077,0.46153846153846156,0.795336127281189,R,0,9,ica25
26,0.5,0.46153846153846156,0.7145315408706665,R,0,9,ica25
27,0.4951923076923077,0.46153846153846156,0.6672247648239136,R,0,9,ica25
28,0.5,0.46153846153846156,0.6297006607055664,R,0,9,ica25
29,0.5,0.46153846153846156,0.6635092496871948,R,0,9,ica25
30,0.5,0.46153846153846156,0.6966478824615479,R,0,9,ica25
1,0.5024154589371981,0.46153846153846156,0.7744566798210144,R+N,0,0,ica25
2,0.5024154589371981,0.46153846153846156,0.6835406422615051,R+N,0,0,ica25
3,0.5024154589371981,0.46153846153846156,0.7260631322860718,R+N,0,0,ica25
4,0.5024154589371981,0.46153846153846156,0.6445786356925964,R+N,0,0,ica25
5,0.5024154589371981,0.46153846153846156,0.6727522015571594,R+N,0,0,ica25
6,0.4975845410628019,0.46153846153846156,0.6710534691810608,R+N,0,0,ica25
7,0.5120772946859904,0.46153846153846156,0.6926645636558533,R+N,0,0,ica25
8,0.5169082125603864,0.46153846153846156,0.6717014312744141,R+N,0,0,ica25
9,0.5120772946859904,0.46153846153846156,0.6761331558227539,R+N,0,0,ica25
10,0.5410628019323671,0.38461538461538464,0.6757997870445251,R+N,0,0,ica25
11,0.5410628019323671,0.38461538461538464,0.6953521966934204,R+N,0,0,ica25
12,0.5700483091787439,0.38461538461538464,0.7148131132125854,R+N,0,0,ica25
13,0.5845410628019324,0.6153846153846154,0.6680932641029358,R+N,0,0,ica25
14,0.6231884057971014,0.5384615384615384,0.6742996573448181,R+N,0,0,ica25
15,0.642512077294686,0.5384615384615384,0.6791883111000061,R+N,0,0,ica25
16,0.6570048309178744,0.5384615384615384,0.6779574155807495,R+N,0,0,ica25
1,0.5048076923076923,0.46153846153846156,0.6815646290779114,R+N,0,1,ica25
2,0.5,0.46153846153846156,0.7173535227775574,R+N,0,1,ica25
3,0.5,0.46153846153846156,0.7211021780967712,R+N,0,1,ica25
4,0.5096153846153846,0.46153846153846156,0.7367326617240906,R+N,0,1,ica25
5,0.5048076923076923,0.46153846153846156,0.6426564455032349,R+N,0,1,ica25
6,0.5048076923076923,0.46153846153846156,0.664216935634613,R+N,0,1,ica25
7,0.5048076923076923,0.46153846153846156,0.6931383013725281,R+N,0,1,ica25
8,0.5144230769230769,0.46153846153846156,0.6722633838653564,R+N,0,1,ica25
9,0.5192307692307693,0.46153846153846156,0.6554351449012756,R+N,0,1,ica25
10,0.5240384615384616,0.46153846153846156,0.7157440781593323,R+N,0,1,ica25
11,0.5432692307692307,0.46153846153846156,0.6781723499298096,R+N,0,1,ica25
12,0.5625,0.46153846153846156,0.6986458897590637,R+N,0,1,ica25
13,0.5721153846153846,0.6153846153846154,0.6877380013465881,R+N,0,1,ica25
14,0.5769230769230769,0.6153846153846154,0.6955004334449768,R+N,0,1,ica25
15,0.5961538461538461,0.6153846153846154,0.6565729975700378,R+N,0,1,ica25
16,0.6009615384615384,0.6153846153846154,0.679526686668396,R+N,0,1,ica25
1,0.4951923076923077,0.5384615384615384,0.7342761754989624,R+N,0,2,ica25
2,0.4951923076923077,0.5384615384615384,0.7008308172225952,R+N,0,2,ica25
3,0.4951923076923077,0.5384615384615384,0.7371674180030823,R+N,0,2,ica25
4,0.4951923076923077,0.5384615384615384,0.7139731049537659,R+N,0,2,ica25
5,0.4951923076923077,0.5384615384615384,0.7189606428146362,R+N,0,2,ica25
6,0.4951923076923077,0.5384615384615384,0.714267373085022,R+N,0,2,ica25
7,0.4951923076923077,0.5384615384615384,0.7083455920219421,R+N,0,2,ica25
8,0.4951923076923077,0.5384615384615384,0.7073696851730347,R+N,0,2,ica25
9,0.4951923076923077,0.5384615384615384,0.7019959688186646,R+N,0,2,ica25
10,0.4951923076923077,0.5384615384615384,0.6694107055664062,R+N,0,2,ica25
11,0.4951923076923077,0.5384615384615384,0.6774596571922302,R+N,0,2,ica25
12,0.4951923076923077,0.5384615384615384,0.6958520412445068,R+N,0,2,ica25
13,0.4951923076923077,0.5384615384615384,0.6879941821098328,R+N,0,2,ica25
14,0.4951923076923077,0.6153846153846154,0.6975518465042114,R+N,0,2,ica25
15,0.5144230769230769,0.6153846153846154,0.6886016726493835,R+N,0,2,ica25
16,0.5336538461538461,0.5384615384615384,0.6700598001480103,R+N,0,2,ica25
17,0.5721153846153846,0.46153846153846156,0.6884825825691223,R+N,0,2,ica25
18,0.6057692307692307,0.46153846153846156,0.6970953941345215,R+N,0,2,ica25
19,0.6586538461538461,0.46153846153846156,0.6690957546234131,R+N,0,2,ica25
1,0.5288461538461539,0.5384615384615384,0.6697970628738403,R+N,0,3,ica25
2,0.5240384615384616,0.5384615384615384,0.7032909989356995,R+N,0,3,ica25
3,0.5192307692307693,0.6153846153846154,0.6942172050476074,R+N,0,3,ica25
4,0.5384615384615384,0.6153846153846154,0.6921437382698059,R+N,0,3,ica25
5,0.5384615384615384,0.6153846153846154,0.6905533075332642,R+N,0,3,ica25
6,0.5480769230769231,0.6153846153846154,0.6836854219436646,R+N,0,3,ica25
7,0.5384615384615384,0.6153846153846154,0.7025421261787415,R+N,0,3,ica25
8,0.5480769230769231,0.6153846153846154,0.6949917674064636,R+N,0,3,ica25
9,0.5576923076923077,0.6153846153846154,0.6895667910575867,R+N,0,3,ica25
10,0.5528846153846154,0.6923076923076923,0.6837971210479736,R+N,0,3,ica25
11,0.5528846153846154,0.6923076923076923,0.6813615560531616,R+N,0,3,ica25
12,0.5625,0.6923076923076923,0.6956197619438171,R+N,0,3,ica25
13,0.5625,0.6923076923076923,0.6931796073913574,R+N,0,3,ica25
14,0.5625,0.6923076923076923,0.6631314754486084,R+N,0,3,ica25
15,0.5721153846153846,0.6153846153846154,0.6884835362434387,R+N,0,3,ica25
16,0.6009615384615384,0.6923076923076923,0.6866981983184814,R+N,0,3,ica25
17,0.5961538461538461,0.7692307692307693,0.6907076835632324,R+N,0,3,ica25
18,0.6201923076923077,0.6153846153846154,0.7013457417488098,R+N,0,3,ica25
1,0.5048076923076923,0.46153846153846156,0.6548942923545837,R+N,0,4,ica25
2,0.5048076923076923,0.46153846153846156,0.6553899049758911,R+N,0,4,ica25
3,0.5048076923076923,0.46153846153846156,0.6917504668235779,R+N,0,4,ica25
4,0.5048076923076923,0.46153846153846156,0.6734358072280884,R+N,0,4,ica25
5,0.5048076923076923,0.46153846153846156,0.7114235758781433,R+N,0,4,ica25
6,0.5048076923076923,0.46153846153846156,0.6744588613510132,R+N,0,4,ica25
7,0.5048076923076923,0.46153846153846156,0.6104074716567993,R+N,0,4,ica25
8,0.5192307692307693,0.46153846153846156,0.7027792930603027,R+N,0,4,ica25
9,0.5192307692307693,0.46153846153846156,0.7229392528533936,R+N,0,4,ica25
10,0.5192307692307693,0.46153846153846156,0.7100083827972412,R+N,0,4,ica25
11,0.5576923076923077,0.46153846153846156,0.6967574954032898,R+N,0,4,ica25
12,0.5721153846153846,0.46153846153846156,0.6810449361801147,R+N,0,4,ica25
13,0.5913461538461539,0.46153846153846156,0.6897910237312317,R+N,0,4,ica25
14,0.6153846153846154,0.46153846153846156,0.6873420476913452,R+N,0,4,ica25
15,0.6298076923076923,0.38461538461538464,0.6990195512771606,R+N,0,4,ica25
16,0.6442307692307693,0.46153846153846156,0.6515311002731323,R+N,0,4,ica25
17,0.6394230769230769,0.46153846153846156,0.6365087032318115,R+N,0,4,ica25
18,0.6490384615384616,0.46153846153846156,0.6884676218032837,R+N,0,4,ica25
19,0.6346153846153846,0.46153846153846156,0.6907938122749329,R+N,0,4,ica25
20,0.6346153846153846,0.46153846153846156,0.6690922975540161,R+N,0,4,ica25
21,0.6394230769230769,0.46153846153846156,0.6273605227470398,R+N,0,4,ica25
22,0.6442307692307693,0.46153846153846156,0.6542892456054688,R+N,0,4,ica25
23,0.6490384615384616,0.46153846153846156,0.660412073135376,R+N,0,4,ica25
24,0.6490384615384616,0.46153846153846156,0.660280704498291,R+N,0,4,ica25
25,0.6538461538461539,0.46153846153846156,0.650120198726654,R+N,0,4,ica25
1,0.5,0.46153846153846156,0.6581140756607056,R+N,0,5,ica25
2,0.5,0.46153846153846156,0.6941258907318115,R+N,0,5,ica25
3,0.5,0.46153846153846156,0.740665078163147,R+N,0,5,ica25
4,0.5048076923076923,0.46153846153846156,0.71410071849823,R+N,0,5,ica25
5,0.5048076923076923,0.46153846153846156,0.7241357564926147,R+N,0,5,ica25
6,0.5096153846153846,0.46153846153846156,0.6881040334701538,R+N,0,5,ica25
7,0.5096153846153846,0.46153846153846156,0.7015239000320435,R+N,0,5,ica25
8,0.5096153846153846,0.46153846153846156,0.6719189882278442,R+N,0,5,ica25
9,0.5192307692307693,0.46153846153846156,0.6915023922920227,R+N,0,5,ica25
10,0.5144230769230769,0.46153846153846156,0.7063817977905273,R+N,0,5,ica25
11,0.5240384615384616,0.6153846153846154,0.6719542145729065,R+N,0,5,ica25
12,0.5528846153846154,0.6153846153846154,0.6710716485977173,R+N,0,5,ica25
13,0.5865384615384616,0.6923076923076923,0.6725723743438721,R+N,0,5,ica25
14,0.5817307692307693,0.6923076923076923,0.6656233668327332,R+N,0,5,ica25
15,0.6009615384615384,0.6923076923076923,0.6681273579597473,R+N,0,5,ica25
16,0.5817307692307693,0.6923076923076923,0.684983491897583,R+N,0,5,ica25
17,0.5865384615384616,0.6923076923076923,0.679284930229187,R+N,0,5,ica25
18,0.6057692307692307,0.5384615384615384,0.7078759074211121,R+N,0,5,ica25
19,0.6105769230769231,0.5384615384615384,0.6603850722312927,R+N,0,5,ica25
20,0.625,0.6153846153846154,0.7057574391365051,R+N,0,5,ica25
1,0.5,0.46153846153846156,0.7107773423194885,R+N,0,6,ica25
2,0.5,0.46153846153846156,0.6677625775337219,R+N,0,6,ica25
3,0.5,0.46153846153846156,0.6897176504135132,R+N,0,6,ica25
4,0.5,0.46153846153846156,0.7039770483970642,R+N,0,6,ica25
5,0.5048076923076923,0.46153846153846156,0.6832209229469299,R+N,0,6,ica25
6,0.5096153846153846,0.46153846153846156,0.6782649755477905,R+N,0,6,ica25
7,0.5192307692307693,0.46153846153846156,0.7053499817848206,R+N,0,6,ica25
8,0.5384615384615384,0.46153846153846156,0.6853564977645874,R+N,0,6,ica25
9,0.5480769230769231,0.46153846153846156,0.6974841356277466,R+N,0,6,ica25
10,0.5576923076923077,0.5384615384615384,0.6862332820892334,R+N,0,6,ica25
11,0.5625,0.5384615384615384,0.6969399452209473,R+N,0,6,ica25
12,0.5721153846153846,0.5384615384615384,0.6824631690979004,R+N,0,6,ica25
13,0.5961538461538461,0.46153846153846156,0.6841309666633606,R+N,0,6,ica25
14,0.625,0.38461538461538464,0.6817581653594971,R+N,0,6,ica25
15,0.6490384615384616,0.38461538461538464,0.6780090928077698,R+N,0,6,ica25
16,0.6490384615384616,0.46153846153846156,0.6734046339988708,R+N,0,6,ica25
17,0.6586538461538461,0.38461538461538464,0.6857383847236633,R+N,0,6,ica25
1,0.44711538461538464,0.5384615384615384,0.7009416818618774,R+N,0,7,ica25
2,0.46634615384615385,0.5384615384615384,0.7099556922912598,R+N,0,7,ica25
3,0.47115384615384615,0.5384615384615384,0.6944454312324524,R+N,0,7,ica25
4,0.4951923076923077,0.5384615384615384,0.7021517157554626,R+N,0,7,ica25
5,0.4951923076923077,0.5384615384615384,0.6910244226455688,R+N,0,7,ica25
6,0.5240384615384616,0.6153846153846154,0.696828305721283,R+N,0,7,ica25
7,0.5336538461538461,0.6153846153846154,0.6987529993057251,R+N,0,7,ica25
8,0.5336538461538461,0.6153846153846154,0.6956372261047363,R+N,0,7,ica25
9,0.5384615384615384,0.6153846153846154,0.6878407001495361,R+N,0,7,ica25
10,0.5528846153846154,0.6923076923076923,0.6923338174819946,R+N,0,7,ica25
11,0.5528846153846154,0.7692307692307693,0.6854091286659241,R+N,0,7,ica25
12,0.5769230769230769,0.6153846153846154,0.7026448249816895,R+N,0,7,ica25
13,0.5817307692307693,0.6923076923076923,0.690514326095581,R+N,0,7,ica25
14,0.5817307692307693,0.5384615384615384,0.6806440353393555,R+N,0,7,ica25
15,0.5913461538461539,0.5384615384615384,0.6922146677970886,R+N,0,7,ica25
16,0.6153846153846154,0.5384615384615384,0.6888789534568787,R+N,0,7,ica25
17,0.6153846153846154,0.5384615384615384,0.6745314598083496,R+N,0,7,ica25
18,0.6298076923076923,0.5384615384615384,0.6610312461853027,R+N,0,7,ica25
19,0.6394230769230769,0.5384615384615384,0.6716614961624146,R+N,0,7,ica25
20,0.6346153846153846,0.5384615384615384,0.6841750741004944,R+N,0,7,ica25
21,0.6586538461538461,0.5384615384615384,0.683062732219696,R+N,0,7,ica25
1,0.5240384615384616,0.38461538461538464,0.6865659356117249,R+N,0,8,ica25
2,0.5288461538461539,0.38461538461538464,0.6940065026283264,R+N,0,8,ica25
3,0.5432692307692307,0.38461538461538464,0.6965538263320923,R+N,0,8,ica25
4,0.5480769230769231,0.38461538461538464,0.6867610216140747,R+N,0,8,ica25
5,0.5480769230769231,0.38461538461538464,0.689565122127533,R+N,0,8,ica25
6,0.5576923076923077,0.38461538461538464,0.6853923797607422,R+N,0,8,ica25
7,0.5432692307692307,0.38461538461538464,0.6821963787078857,R+N,0,8,ica25
8,0.5480769230769231,0.38461538461538464,0.688256561756134,R+N,0,8,ica25
9,0.5480769230769231,0.38461538461538464,0.6849516034126282,R+N,0,8,ica25
10,0.5625,0.38461538461538464,0.6785167455673218,R+N,0,8,ica25
11,0.5576923076923077,0.38461538461538464,0.6991820335388184,R+N,0,8,ica25
12,0.5576923076923077,0.38461538461538464,0.6876739263534546,R+N,0,8,ica25
13,0.5576923076923077,0.38461538461538464,0.6803921461105347,R+N,0,8,ica25
14,0.5625,0.38461538461538464,0.6813346147537231,R+N,0,8,ica25
15,0.5913461538461539,0.38461538461538464,0.6912496089935303,R+N,0,8,ica25
16,0.5961538461538461,0.38461538461538464,0.6805385947227478,R+N,0,8,ica25
17,0.6057692307692307,0.38461538461538464,0.6766065359115601,R+N,0,8,ica25
18,0.6105769230769231,0.38461538461538464,0.690922737121582,R+N,0,8,ica25
19,0.6201923076923077,0.38461538461538464,0.6841896176338196,R+N,0,8,ica25
20,0.6298076923076923,0.38461538461538464,0.7185510993003845,R+N,0,8,ica25
21,0.6490384615384616,0.38461538461538464,0.6929592490196228,R+N,0,8,ica25
22,0.6538461538461539,0.38461538461538464,0.7120842337608337,R+N,0,8,ica25
1,0.5,0.5384615384615384,0.6954660415649414,R+N,0,9,ica25
2,0.4951923076923077,0.5384615384615384,0.6974800229072571,R+N,0,9,ica25
3,0.5048076923076923,0.5384615384615384,0.6899697184562683,R+N,0,9,ica25
4,0.5096153846153846,0.5384615384615384,0.7188640832901001,R+N,0,9,ica25
5,0.5096153846153846,0.5384615384615384,0.69428551197052,R+N,0,9,ica25
6,0.5192307692307693,0.6153846153846154,0.6943046450614929,R+N,0,9,ica25
7,0.5384615384615384,0.5384615384615384,0.7153548002243042,R+N,0,9,ica25
8,0.5480769230769231,0.5384615384615384,0.6773771047592163,R+N,0,9,ica25
9,0.5576923076923077,0.5384615384615384,0.6839690208435059,R+N,0,9,ica25
10,0.5625,0.5384615384615384,0.693092942237854,R+N,0,9,ica25
11,0.5721153846153846,0.5384615384615384,0.6846343278884888,R+N,0,9,ica25
12,0.5769230769230769,0.5384615384615384,0.6928696632385254,R+N,0,9,ica25
13,0.5913461538461539,0.5384615384615384,0.6922343969345093,R+N,0,9,ica25
14,0.5961538461538461,0.46153846153846156,0.6982015371322632,R+N,0,9,ica25
15,0.6009615384615384,0.6153846153846154,0.6711348295211792,R+N,0,9,ica25
1,0.6570048309178744,0.5384615384615384,0.6965489983558655,C+N,0,0,ica25
2,0.5652173913043478,0.6923076923076923,0.664623498916626,C+N,0,0,ica25
3,0.7536231884057971,0.5384615384615384,0.6436654329299927,C+N,0,0,ica25
4,0.9130434782608695,0.7692307692307693,0.6429011821746826,C+N,0,0,ica25
5,0.927536231884058,0.6923076923076923,0.5939955115318298,C+N,0,0,ica25
1,0.6394230769230769,0.5384615384615384,0.7597163915634155,C+N,0,1,ica25
2,0.7019230769230769,0.46153846153846156,0.664777398109436,C+N,0,1,ica25
3,0.8365384615384616,0.38461538461538464,0.5932079553604126,C+N,0,1,ica25
4,0.9230769230769231,0.46153846153846156,0.5574873685836792,C+N,0,1,ica25
5,0.9182692307692307,0.3076923076923077,0.5638135671615601,C+N,0,1,ica25
1,0.6346153846153846,0.6923076923076923,0.6324529647827148,C+N,0,2,ica25
2,0.7355769230769231,0.6923076923076923,0.6459242105484009,C+N,0,2,ica25
3,0.8557692307692307,0.7692307692307693,0.7193423509597778,C+N,0,2,ica25
4,0.8846153846153846,0.6153846153846154,0.5749080777168274,C+N,0,2,ica25
5,0.9471153846153846,0.6923076923076923,0.5710397958755493,C+N,0,2,ica25
1,0.5865384615384616,0.38461538461538464,0.7552273273468018,C+N,0,3,ica25
2,0.7836538461538461,0.23076923076923078,0.6282497048377991,C+N,0,3,ica25
3,0.8798076923076923,0.23076923076923078,0.6454365849494934,C+N,0,3,ica25
4,0.8942307692307693,0.07692307692307693,0.5156034231185913,C+N,0,3,ica25
5,0.9326923076923077,0.15384615384615385,0.5268644094467163,C+N,0,3,ica25
1,0.5961538461538461,0.6153846153846154,0.6839796304702759,C+N,0,4,ica25
2,0.7307692307692307,0.5384615384615384,0.7526147365570068,C+N,0,4,ica25
3,0.8028846153846154,0.38461538461538464,0.6249586343765259,C+N,0,4,ica25
4,0.8461538461538461,0.46153846153846156,0.7144942879676819,C+N,0,4,ica25
5,0.9038461538461539,0.46153846153846156,0.5612574815750122,C+N,0,4,ica25
1,0.6394230769230769,0.46153846153846156,0.7364734411239624,C+N,0,5,ica25
2,0.7548076923076923,0.38461538461538464,0.6999838948249817,C+N,0,5,ica25
3,0.8653846153846154,0.23076923076923078,0.6097005605697632,C+N,0,5,ica25
4,0.8413461538461539,0.46153846153846156,0.6262525320053101,C+N,0,5,ica25
5,0.8894230769230769,0.38461538461538464,0.5779114961624146,C+N,0,5,ica25
1,0.6490384615384616,0.7692307692307693,0.6719163656234741,C+N,0,6,ica25
2,0.75,0.8461538461538461,0.8037315607070923,C+N,0,6,ica25
3,0.8317307692307693,0.7692307692307693,0.6615797281265259,C+N,0,6,ica25
4,0.8846153846153846,0.8461538461538461,0.583932101726532,C+N,0,6,ica25
5,0.9182692307692307,0.8461538461538461,0.5457190871238708,C+N,0,6,ica25
1,0.6826923076923077,0.5384615384615384,0.6831284761428833,C+N,0,7,ica25
2,0.8125,0.5384615384615384,0.6738525629043579,C+N,0,7,ica25
3,0.8846153846153846,0.6153846153846154,0.5588600635528564,C+N,0,7,ica25
4,0.9038461538461539,0.6153846153846154,0.6253618001937866,C+N,0,7,ica25
5,0.9519230769230769,0.6153846153846154,0.5336058735847473,C+N,0,7,ica25
1,0.6009615384615384,0.46153846153846156,0.7245038151741028,C+N,0,8,ica25
2,0.7115384615384616,0.38461538461538464,0.7497773170471191,C+N,0,8,ica25
3,0.7403846153846154,0.3076923076923077,0.6880661249160767,C+N,0,8,ica25
4,0.8461538461538461,0.46153846153846156,0.5781934261322021,C+N,0,8,ica25
5,0.8798076923076923,0.5384615384615384,0.537136971950531,C+N,0,8,ica25
1,0.5961538461538461,0.23076923076923078,0.7131941318511963,C+N,0,9,ica25
2,0.6634615384615384,0.38461538461538464,0.6256731748580933,C+N,0,9,ica25
3,0.7884615384615384,0.5384615384615384,0.5828875303268433,C+N,0,9,ica25
4,0.8557692307692307,0.38461538461538464,0.6092067956924438,C+N,0,9,ica25
5,0.9375,0.5384615384615384,0.6462192535400391,C+N,0,9,ica25
1,0.5072463768115942,0.6153846153846154,0.6837015151977539,C+R+N,0,0,ica25
2,0.5555555555555556,0.5384615384615384,0.676805853843689,C+R+N,0,0,ica25
3,0.5603864734299517,0.6153846153846154,0.6911982893943787,C+R+N,0,0,ica25
4,0.6086956521739131,0.6153846153846154,0.6823375821113586,C+R+N,0,0,ica25
5,0.5845410628019324,0.6153846153846154,0.6917104721069336,C+R+N,0,0,ica25
6,0.5990338164251208,0.46153846153846156,0.6846629977226257,C+R+N,0,0,ica25
7,0.6280193236714976,0.46153846153846156,0.6916418671607971,C+R+N,0,0,ica25
8,0.642512077294686,0.46153846153846156,0.697211503982544,C+R+N,0,0,ica25
9,0.6473429951690821,0.46153846153846156,0.7016955018043518,C+R+N,0,0,ica25
10,0.6618357487922706,0.38461538461538464,0.6742797493934631,C+R+N,0,0,ica25
1,0.4951923076923077,0.5384615384615384,0.7049530148506165,C+R+N,0,1,ica25
2,0.4951923076923077,0.5384615384615384,0.6842753887176514,C+R+N,0,1,ica25
3,0.4951923076923077,0.5384615384615384,0.6756632328033447,C+R+N,0,1,ica25
4,0.4951923076923077,0.5384615384615384,0.6670441031455994,C+R+N,0,1,ica25
5,0.4951923076923077,0.5384615384615384,0.7308512330055237,C+R+N,0,1,ica25
6,0.4951923076923077,0.5384615384615384,0.7158523797988892,C+R+N,0,1,ica25
7,0.4951923076923077,0.5384615384615384,0.6982779502868652,C+R+N,0,1,ica25
8,0.5048076923076923,0.5384615384615384,0.6736641526222229,C+R+N,0,1,ica25
9,0.5096153846153846,0.5384615384615384,0.7007126212120056,C+R+N,0,1,ica25
10,0.5384615384615384,0.6153846153846154,0.6621001958847046,C+R+N,0,1,ica25
11,0.5576923076923077,0.6153846153846154,0.6804795861244202,C+R+N,0,1,ica25
12,0.5865384615384616,0.6153846153846154,0.6571506857872009,C+R+N,0,1,ica25
13,0.6346153846153846,0.5384615384615384,0.6695798635482788,C+R+N,0,1,ica25
14,0.7307692307692307,0.6153846153846154,0.6471491456031799,C+R+N,0,1,ica25
1,0.5048076923076923,0.46153846153846156,0.6817297339439392,C+R+N,0,2,ica25
2,0.5048076923076923,0.46153846153846156,0.685287356376648,C+R+N,0,2,ica25
3,0.5096153846153846,0.46153846153846156,0.6911780834197998,C+R+N,0,2,ica25
4,0.5096153846153846,0.46153846153846156,0.6826199889183044,C+R+N,0,2,ica25
5,0.5096153846153846,0.46153846153846156,0.6750438213348389,C+R+N,0,2,ica25
6,0.5192307692307693,0.46153846153846156,0.6623964309692383,C+R+N,0,2,ica25
7,0.5480769230769231,0.46153846153846156,0.6737586855888367,C+R+N,0,2,ica25
8,0.5961538461538461,0.46153846153846156,0.6764558553695679,C+R+N,0,2,ica25
9,0.6682692307692307,0.5384615384615384,0.6744126677513123,C+R+N,0,2,ica25
1,0.4951923076923077,0.5384615384615384,0.8477734327316284,C+R+N,0,3,ica25
2,0.4951923076923077,0.5384615384615384,0.6890014410018921,C+R+N,0,3,ica25
3,0.4951923076923077,0.5384615384615384,0.69356769323349,C+R+N,0,3,ica25
4,0.4951923076923077,0.5384615384615384,0.6581707000732422,C+R+N,0,3,ica25
5,0.4951923076923077,0.5384615384615384,0.749889612197876,C+R+N,0,3,ica25
6,0.4951923076923077,0.5384615384615384,0.7534127235412598,C+R+N,0,3,ica25
7,0.4951923076923077,0.5384615384615384,0.628953218460083,C+R+N,0,3,ica25
8,0.4951923076923077,0.5384615384615384,0.6680595874786377,C+R+N,0,3,ica25
9,0.4951923076923077,0.5384615384615384,0.7097141742706299,C+R+N,0,3,ica25
10,0.4951923076923077,0.5384615384615384,0.6769610643386841,C+R+N,0,3,ica25
11,0.4951923076923077,0.5384615384615384,0.7062888145446777,C+R+N,0,3,ica25
12,0.4951923076923077,0.5384615384615384,0.6562421321868896,C+R+N,0,3,ica25
13,0.4951923076923077,0.5384615384615384,0.6978886127471924,C+R+N,0,3,ica25
14,0.4951923076923077,0.5384615384615384,0.6620052456855774,C+R+N,0,3,ica25
15,0.5096153846153846,0.5384615384615384,0.6311222314834595,C+R+N,0,3,ica25
16,0.5528846153846154,0.5384615384615384,0.6761354207992554,C+R+N,0,3,ica25
17,0.5961538461538461,0.6153846153846154,0.6366422176361084,C+R+N,0,3,ica25
18,0.6442307692307693,0.6923076923076923,0.6181849241256714,C+R+N,0,3,ica25
1,0.49038461538461536,0.6153846153846154,0.6954689621925354,C+R+N,0,4,ica25
2,0.5048076923076923,0.6153846153846154,0.6854379773139954,C+R+N,0,4,ica25
3,0.5432692307692307,0.6153846153846154,0.6808027625083923,C+R+N,0,4,ica25
4,0.5721153846153846,0.6153846153846154,0.6922849416732788,C+R+N,0,4,ica25
5,0.5913461538461539,0.5384615384615384,0.6640359163284302,C+R+N,0,4,ica25
6,0.6105769230769231,0.5384615384615384,0.7018418312072754,C+R+N,0,4,ica25
7,0.6346153846153846,0.6153846153846154,0.6876760721206665,C+R+N,0,4,ica25
1,0.5,0.46153846153846156,0.6893419027328491,C+R+N,0,5,ica25
2,0.5,0.46153846153846156,0.6638911962509155,C+R+N,0,5,ica25
3,0.5,0.46153846153846156,0.7098569273948669,C+R+N,0,5,ica25
4,0.5,0.46153846153846156,0.7058016061782837,C+R+N,0,5,ica25
5,0.5,0.46153846153846156,0.7155226469039917,C+R+N,0,5,ica25
6,0.5,0.46153846153846156,0.6741981506347656,C+R+N,0,5,ica25
7,0.5240384615384616,0.46153846153846156,0.6749513745307922,C+R+N,0,5,ica25
8,0.5336538461538461,0.5384615384615384,0.6955429315567017,C+R+N,0,5,ica25
9,0.5721153846153846,0.5384615384615384,0.6864914298057556,C+R+N,0,5,ica25
10,0.5576923076923077,0.46153846153846156,0.6811997890472412,C+R+N,0,5,ica25
11,0.6201923076923077,0.46153846153846156,0.6797798275947571,C+R+N,0,5,ica25
12,0.6682692307692307,0.5384615384615384,0.6732427477836609,C+R+N,0,5,ica25
1,0.5048076923076923,0.5384615384615384,0.6749996542930603,C+R+N,0,6,ica25
2,0.5240384615384616,0.5384615384615384,0.7094821929931641,C+R+N,0,6,ica25
3,0.5528846153846154,0.6153846153846154,0.6644533276557922,C+R+N,0,6,ica25
4,0.5961538461538461,0.46153846153846156,0.6716470718383789,C+R+N,0,6,ica25
5,0.6490384615384616,0.5384615384615384,0.6576930284500122,C+R+N,0,6,ica25
6,0.6586538461538461,0.5384615384615384,0.6963742971420288,C+R+N,0,6,ica25
1,0.5,0.5384615384615384,0.73854660987854,C+R+N,0,7,ica25
2,0.5,0.5384615384615384,0.7844024896621704,C+R+N,0,7,ica25
3,0.5,0.5384615384615384,0.7007211446762085,C+R+N,0,7,ica25
4,0.5,0.5384615384615384,0.6847292184829712,C+R+N,0,7,ica25
5,0.5,0.5384615384615384,0.7184960842132568,C+R+N,0,7,ica25
6,0.5,0.5384615384615384,0.6218113899230957,C+R+N,0,7,ica25
7,0.5,0.5384615384615384,0.6885557174682617,C+R+N,0,7,ica25
8,0.5,0.5384615384615384,0.7388543486595154,C+R+N,0,7,ica25
9,0.5,0.5384615384615384,0.7336999177932739,C+R+N,0,7,ica25
10,0.5,0.5384615384615384,0.6935034990310669,C+R+N,0,7,ica25
11,0.5,0.5384615384615384,0.7213001847267151,C+R+N,0,7,ica25
12,0.5096153846153846,0.5384615384615384,0.6457712650299072,C+R+N,0,7,ica25
13,0.5336538461538461,0.5384615384615384,0.6814741492271423,C+R+N,0,7,ica25
14,0.5721153846153846,0.5384615384615384,0.6307624578475952,C+R+N,0,7,ica25
15,0.625,0.5384615384615384,0.655129075050354,C+R+N,0,7,ica25
16,0.6634615384615384,0.46153846153846156,0.6227544546127319,C+R+N,0,7,ica25
1,0.5336538461538461,0.3076923076923077,0.7024235725402832,C+R+N,0,8,ica25
2,0.5480769230769231,0.3076923076923077,0.6947099566459656,C+R+N,0,8,ica25
3,0.5576923076923077,0.38461538461538464,0.6875361204147339,C+R+N,0,8,ica25
4,0.5913461538461539,0.38461538461538464,0.6885075569152832,C+R+N,0,8,ica25
5,0.6009615384615384,0.38461538461538464,0.6906580924987793,C+R+N,0,8,ica25
6,0.6153846153846154,0.38461538461538464,0.6956648826599121,C+R+N,0,8,ica25
7,0.6682692307692307,0.38461538461538464,0.6918531060218811,C+R+N,0,8,ica25
1,0.5,0.5384615384615384,0.7015925049781799,C+R+N,0,9,ica25
2,0.5,0.5384615384615384,0.7097913026809692,C+R+N,0,9,ica25
3,0.5,0.5384615384615384,0.6811298131942749,C+R+N,0,9,ica25
4,0.5096153846153846,0.5384615384615384,0.7191611528396606,C+R+N,0,9,ica25
5,0.5288461538461539,0.5384615384615384,0.6921868324279785,C+R+N,0,9,ica25
6,0.5480769230769231,0.5384615384615384,0.6541727781295776,C+R+N,0,9,ica25
7,0.5817307692307693,0.46153846153846156,0.6586709022521973,C+R+N,0,9,ica25
8,0.6057692307692307,0.46153846153846156,0.6659592390060425,C+R+N,0,9,ica25
9,0.6153846153846154,0.46153846153846156,0.6806957721710205,C+R+N,0,9,ica25
10,0.6394230769230769,0.46153846153846156,0.6733350157737732,C+R+N,0,9,ica25
11,0.6442307692307693,0.46153846153846156,0.686030387878418,C+R+N,0,9,ica25
12,0.6490384615384616,0.46153846153846156,0.6656215190887451,C+R+N,0,9,ica25
13,0.6730769230769231,0.46153846153846156,0.6818094253540039,C+R+N,0,9,ica25
1,0.5169082125603864,0.38461538461538464,0.6302155256271362,C+R+N+demo,0,0,ica25
2,0.5169082125603864,0.38461538461538464,0.7662191390991211,C+R+N+demo,0,0,ica25
3,0.5169082125603864,0.38461538461538464,0.5332666039466858,C+R+N+demo,0,0,ica25
4,0.5169082125603864,0.38461538461538464,0.6763976812362671,C+R+N+demo,0,0,ica25
5,0.5217391304347826,0.38461538461538464,0.6586503386497498,C+R+N+demo,0,0,ica25
6,0.5314009661835749,0.38461538461538464,0.6530500054359436,C+R+N+demo,0,0,ica25
7,0.5410628019323671,0.38461538461538464,0.6607433557510376,C+R+N+demo,0,0,ica25
8,0.5410628019323671,0.38461538461538464,0.7012959718704224,C+R+N+demo,0,0,ica25
9,0.5507246376811594,0.38461538461538464,0.7644315361976624,C+R+N+demo,0,0,ica25
10,0.5893719806763285,0.38461538461538464,0.650326669216156,C+R+N+demo,0,0,ica25
11,0.6038647342995169,0.38461538461538464,0.6759620308876038,C+R+N+demo,0,0,ica25
12,0.6280193236714976,0.46153846153846156,0.5868844389915466,C+R+N+demo,0,0,ica25
13,0.642512077294686,0.46153846153846156,0.6989426016807556,C+R+N+demo,0,0,ica25
14,0.6666666666666666,0.46153846153846156,0.7641863226890564,C+R+N+demo,0,0,ica25
1,0.4230769230769231,0.5384615384615384,0.8098204731941223,C+R+N+demo,0,1,ica25
2,0.42788461538461536,0.5384615384615384,0.6307283639907837,C+R+N+demo,0,1,ica25
3,0.4230769230769231,0.6153846153846154,0.7318832874298096,C+R+N+demo,0,1,ica25
4,0.4230769230769231,0.6153846153846154,0.6531039476394653,C+R+N+demo,0,1,ica25
5,0.4375,0.6153846153846154,0.8440186977386475,C+R+N+demo,0,1,ica25
6,0.44711538461538464,0.6153846153846154,0.7332525253295898,C+R+N+demo,0,1,ica25
7,0.4567307692307692,0.6153846153846154,0.7166717648506165,C+R+N+demo,0,1,ica25
8,0.47596153846153844,0.6153846153846154,0.7100540399551392,C+R+N+demo,0,1,ica25
9,0.5,0.6153846153846154,0.736962080001831,C+R+N+demo,0,1,ica25
10,0.5288461538461539,0.6153846153846154,0.6831157207489014,C+R+N+demo,0,1,ica25
11,0.5480769230769231,0.6153846153846154,0.7033308148384094,C+R+N+demo,0,1,ica25
12,0.5625,0.6153846153846154,0.6340316534042358,C+R+N+demo,0,1,ica25
13,0.5817307692307693,0.6923076923076923,0.7032214403152466,C+R+N+demo,0,1,ica25
14,0.6009615384615384,0.6153846153846154,0.6753515005111694,C+R+N+demo,0,1,ica25
1,0.44711538461538464,0.5384615384615384,0.7227596044540405,C+R+N+demo,0,2,ica25
2,0.4567307692307692,0.5384615384615384,0.686992883682251,C+R+N+demo,0,2,ica25
3,0.4567307692307692,0.5384615384615384,0.6509932279586792,C+R+N+demo,0,2,ica25
4,0.4567307692307692,0.5384615384615384,0.6612445712089539,C+R+N+demo,0,2,ica25
5,0.46634615384615385,0.5384615384615384,0.7457901239395142,C+R+N+demo,0,2,ica25
6,0.4807692307692308,0.5384615384615384,0.7347654104232788,C+R+N+demo,0,2,ica25
7,0.4807692307692308,0.5384615384615384,0.6932015419006348,C+R+N+demo,0,2,ica25
8,0.4951923076923077,0.5384615384615384,0.6751164197921753,C+R+N+demo,0,2,ica25
9,0.5,0.5384615384615384,0.7016189098358154,C+R+N+demo,0,2,ica25
10,0.5288461538461539,0.5384615384615384,0.6935610771179199,C+R+N+demo,0,2,ica25
11,0.5528846153846154,0.5384615384615384,0.6802664995193481,C+R+N+demo,0,2,ica25
12,0.5769230769230769,0.6153846153846154,0.6517234444618225,C+R+N+demo,0,2,ica25
13,0.625,0.6153846153846154,0.6846753358840942,C+R+N+demo,0,2,ica25
1,0.40384615384615385,0.46153846153846156,0.7508671283721924,C+R+N+demo,0,3,ica25
2,0.40384615384615385,0.46153846153846156,0.7148199081420898,C+R+N+demo,0,3,ica25
3,0.40865384615384615,0.46153846153846156,0.7282130718231201,C+R+N+demo,0,3,ica25
4,0.40865384615384615,0.46153846153846156,0.7260844111442566,C+R+N+demo,0,3,ica25
5,0.40865384615384615,0.46153846153846156,0.7757406830787659,C+R+N+demo,0,3,ica25
6,0.41346153846153844,0.46153846153846156,0.7101505994796753,C+R+N+demo,0,3,ica25
7,0.4182692307692308,0.46153846153846156,0.7224255800247192,C+R+N+demo,0,3,ica25
8,0.4230769230769231,0.46153846153846156,0.6776604056358337,C+R+N+demo,0,3,ica25
9,0.42788461538461536,0.46153846153846156,0.78896164894104,C+R+N+demo,0,3,ica25
10,0.4375,0.46153846153846156,0.7276319265365601,C+R+N+demo,0,3,ica25
11,0.4326923076923077,0.46153846153846156,0.735792875289917,C+R+N+demo,0,3,ica25
12,0.4375,0.5384615384615384,0.6941182017326355,C+R+N+demo,0,3,ica25
13,0.4423076923076923,0.5384615384615384,0.738215982913971,C+R+N+demo,0,3,ica25
14,0.4567307692307692,0.5384615384615384,0.7299858927726746,C+R+N+demo,0,3,ica25
15,0.47596153846153844,0.5384615384615384,0.7331981658935547,C+R+N+demo,0,3,ica25
16,0.4807692307692308,0.5384615384615384,0.7236486673355103,C+R+N+demo,0,3,ica25
17,0.5,0.5384615384615384,0.6752215027809143,C+R+N+demo,0,3,ica25
18,0.5480769230769231,0.6153846153846154,0.6308712959289551,C+R+N+demo,0,3,ica25
19,0.5721153846153846,0.5384615384615384,0.6707756519317627,C+R+N+demo,0,3,ica25
20,0.5961538461538461,0.5384615384615384,0.7199192047119141,C+R+N+demo,0,3,ica25
21,0.6538461538461539,0.5384615384615384,0.6692261695861816,C+R+N+demo,0,3,ica25
1,0.5144230769230769,0.38461538461538464,0.7553750872612,C+R+N+demo,0,4,ica25
2,0.5432692307692307,0.38461538461538464,0.7045634984970093,C+R+N+demo,0,4,ica25
3,0.5528846153846154,0.38461538461538464,0.7451254725456238,C+R+N+demo,0,4,ica25
4,0.5625,0.38461538461538464,0.7301613688468933,C+R+N+demo,0,4,ica25
5,0.5721153846153846,0.38461538461538464,0.7594743967056274,C+R+N+demo,0,4,ica25
6,0.5721153846153846,0.38461538461538464,0.6844527125358582,C+R+N+demo,0,4,ica25
7,0.5769230769230769,0.38461538461538464,0.7771223187446594,C+R+N+demo,0,4,ica25
8,0.5769230769230769,0.38461538461538464,0.6964582800865173,C+R+N+demo,0,4,ica25
9,0.5769230769230769,0.38461538461538464,0.6421359181404114,C+R+N+demo,0,4,ica25
10,0.5769230769230769,0.38461538461538464,0.7060622572898865,C+R+N+demo,0,4,ica25
11,0.5913461538461539,0.38461538461538464,0.6446374654769897,C+R+N+demo,0,4,ica25
12,0.6009615384615384,0.38461538461538464,0.7405848503112793,C+R+N+demo,0,4,ica25
13,0.6009615384615384,0.38461538461538464,0.660057544708252,C+R+N+demo,0,4,ica25
14,0.6201923076923077,0.38461538461538464,0.620685338973999,C+R+N+demo,0,4,ica25
15,0.6394230769230769,0.46153846153846156,0.6079996824264526,C+R+N+demo,0,4,ica25
16,0.6634615384615384,0.46153846153846156,0.6639932990074158,C+R+N+demo,0,4,ica25
1,0.5769230769230769,0.5384615384615384,0.5833669900894165,C+R+N+demo,0,5,ica25
2,0.5913461538461539,0.5384615384615384,0.736129641532898,C+R+N+demo,0,5,ica25
3,0.5913461538461539,0.5384615384615384,0.7820298671722412,C+R+N+demo,0,5,ica25
4,0.5817307692307693,0.6153846153846154,0.6934930086135864,C+R+N+demo,0,5,ica25
5,0.5721153846153846,0.6153846153846154,0.7165111899375916,C+R+N+demo,0,5,ica25
6,0.5625,0.6153846153846154,0.6105262041091919,C+R+N+demo,0,5,ica25
7,0.5673076923076923,0.46153846153846156,0.6527996063232422,C+R+N+demo,0,5,ica25
8,0.5769230769230769,0.46153846153846156,0.7016055583953857,C+R+N+demo,0,5,ica25
9,0.5817307692307693,0.46153846153846156,0.6436147689819336,C+R+N+demo,0,5,ica25
10,0.5721153846153846,0.38461538461538464,0.6238358616828918,C+R+N+demo,0,5,ica25
11,0.5721153846153846,0.38461538461538464,0.5811982154846191,C+R+N+demo,0,5,ica25
12,0.5865384615384616,0.3076923076923077,0.7031480073928833,C+R+N+demo,0,5,ica25
13,0.5961538461538461,0.38461538461538464,0.7111659646034241,C+R+N+demo,0,5,ica25
14,0.6201923076923077,0.46153846153846156,0.6713507771492004,C+R+N+demo,0,5,ica25
15,0.6346153846153846,0.46153846153846156,0.5976461172103882,C+R+N+demo,0,5,ica25
16,0.6346153846153846,0.46153846153846156,0.6576533317565918,C+R+N+demo,0,5,ica25
17,0.6346153846153846,0.5384615384615384,0.6353287100791931,C+R+N+demo,0,5,ica25
18,0.6538461538461539,0.46153846153846156,0.6319835186004639,C+R+N+demo,0,5,ica25
1,0.4807692307692308,0.5384615384615384,0.6941688060760498,C+R+N+demo,0,6,ica25
2,0.4951923076923077,0.5384615384615384,0.7356933355331421,C+R+N+demo,0,6,ica25
3,0.5144230769230769,0.5384615384615384,0.74198317527771,C+R+N+demo,0,6,ica25
4,0.5240384615384616,0.6153846153846154,0.6472703218460083,C+R+N+demo,0,6,ica25
5,0.5144230769230769,0.6153846153846154,0.7276995778083801,C+R+N+demo,0,6,ica25
6,0.5336538461538461,0.5384615384615384,0.7645753622055054,C+R+N+demo,0,6,ica25
7,0.5625,0.5384615384615384,0.724697470664978,C+R+N+demo,0,6,ica25
8,0.5769230769230769,0.38461538461538464,0.6564188599586487,C+R+N+demo,0,6,ica25
9,0.6009615384615384,0.38461538461538464,0.7109949588775635,C+R+N+demo,0,6,ica25
10,0.6538461538461539,0.5384615384615384,0.6789148449897766,C+R+N+demo,0,6,ica25
1,0.44711538461538464,0.38461538461538464,0.8014608025550842,C+R+N+demo,0,7,ica25
2,0.4519230769230769,0.38461538461538464,0.7737026214599609,C+R+N+demo,0,7,ica25
3,0.46153846153846156,0.38461538461538464,0.6995493769645691,C+R+N+demo,0,7,ica25
4,0.46153846153846156,0.38461538461538464,0.7009691596031189,C+R+N+demo,0,7,ica25
5,0.46634615384615385,0.38461538461538464,0.8006454110145569,C+R+N+demo,0,7,ica25
6,0.4855769230769231,0.38461538461538464,0.6095660328865051,C+R+N+demo,0,7,ica25
7,0.49038461538461536,0.38461538461538464,0.698154628276825,C+R+N+demo,0,7,ica25
8,0.4855769230769231,0.38461538461538464,0.7084876894950867,C+R+N+demo,0,7,ica25
9,0.5048076923076923,0.38461538461538464,0.8183521628379822,C+R+N+demo,0,7,ica25
10,0.5144230769230769,0.38461538461538464,0.6819332242012024,C+R+N+demo,0,7,ica25
11,0.5240384615384616,0.38461538461538464,0.7140830755233765,C+R+N+demo,0,7,ica25
12,0.5384615384615384,0.38461538461538464,0.6201897263526917,C+R+N+demo,0,7,ica25
13,0.5480769230769231,0.38461538461538464,0.6419105529785156,C+R+N+demo,0,7,ica25
14,0.5528846153846154,0.38461538461538464,0.6870920658111572,C+R+N+demo,0,7,ica25
15,0.5721153846153846,0.3076923076923077,0.6844424605369568,C+R+N+demo,0,7,ica25
16,0.5721153846153846,0.38461538461538464,0.690803050994873,C+R+N+demo,0,7,ica25
17,0.6009615384615384,0.38461538461538464,0.6889446973800659,C+R+N+demo,0,7,ica25
18,0.6153846153846154,0.38461538461538464,0.7194868922233582,C+R+N+demo,0,7,ica25
19,0.6298076923076923,0.38461538461538464,0.6784878969192505,C+R+N+demo,0,7,ica25
20,0.6538461538461539,0.38461538461538464,0.6599316596984863,C+R+N+demo,0,7,ica25
1,0.5528846153846154,0.6153846153846154,0.7446508407592773,C+R+N+demo,0,8,ica25
2,0.5480769230769231,0.6153846153846154,0.7901268005371094,C+R+N+demo,0,8,ica25
3,0.5528846153846154,0.6153846153846154,0.7116292119026184,C+R+N+demo,0,8,ica25
4,0.5480769230769231,0.5384615384615384,0.6935246586799622,C+R+N+demo,0,8,ica25
5,0.5432692307692307,0.5384615384615384,0.733062744140625,C+R+N+demo,0,8,ica25
6,0.5673076923076923,0.5384615384615384,0.6587636470794678,C+R+N+demo,0,8,ica25
7,0.5673076923076923,0.5384615384615384,0.7075080871582031,C+R+N+demo,0,8,ica25
8,0.5721153846153846,0.5384615384615384,0.7571811676025391,C+R+N+demo,0,8,ica25
9,0.5721153846153846,0.5384615384615384,0.7274361252784729,C+R+N+demo,0,8,ica25
10,0.5769230769230769,0.5384615384615384,0.6881701350212097,C+R+N+demo,0,8,ica25
11,0.6009615384615384,0.5384615384615384,0.7016656398773193,C+R+N+demo,0,8,ica25
12,0.6009615384615384,0.5384615384615384,0.6856080293655396,C+R+N+demo,0,8,ica25
13,0.6298076923076923,0.5384615384615384,0.5652930736541748,C+R+N+demo,0,8,ica25
14,0.6490384615384616,0.5384615384615384,0.5635978579521179,C+R+N+demo,0,8,ica25
15,0.6634615384615384,0.5384615384615384,0.6306592226028442,C+R+N+demo,0,8,ica25
1,0.4807692307692308,0.15384615384615385,0.7085084915161133,C+R+N+demo,0,9,ica25
2,0.5096153846153846,0.23076923076923078,0.6721293926239014,C+R+N+demo,0,9,ica25
3,0.5288461538461539,0.3076923076923077,0.7351948022842407,C+R+N+demo,0,9,ica25
4,0.5721153846153846,0.3076923076923077,0.689587414264679,C+R+N+demo,0,9,ica25
5,0.5721153846153846,0.38461538461538464,0.673775315284729,C+R+N+demo,0,9,ica25
6,0.5769230769230769,0.3076923076923077,0.7129916548728943,C+R+N+demo,0,9,ica25
7,0.5913461538461539,0.3076923076923077,0.6636442542076111,C+R+N+demo,0,9,ica25
8,0.5817307692307693,0.38461538461538464,0.6336668729782104,C+R+N+demo,0,9,ica25
9,0.5817307692307693,0.38461538461538464,0.6880209445953369,C+R+N+demo,0,9,ica25
10,0.5913461538461539,0.38461538461538464,0.6892813444137573,C+R+N+demo,0,9,ica25
11,0.6298076923076923,0.38461538461538464,0.7139527797698975,C+R+N+demo,0,9,ica25
12,0.6394230769230769,0.38461538461538464,0.6842482089996338,C+R+N+demo,0,9,ica25
13,0.6586538461538461,0.38461538461538464,0.6542604565620422,C+R+N+demo,0,9,ica25
1,0.5217391304347826,0.46153846153846156,0.6965659856796265,C+R+N (no stop),0,0,ica25
2,0.5652173913043478,0.5384615384615384,0.6779372096061707,C+R+N (no stop),0,0,ica25
3,0.5893719806763285,0.5384615384615384,0.6942311525344849,C+R+N (no stop),0,0,ica25
4,0.6570048309178744,0.5384615384615384,0.679772675037384,C+R+N (no stop),0,0,ica25
5,0.6714975845410628,0.6153846153846154,0.6820239424705505,C+R+N (no stop),0,0,ica25
6,0.6763285024154589,0.5384615384615384,0.665075421333313,C+R+N (no stop),0,0,ica25
7,0.7246376811594203,0.6923076923076923,0.6860137581825256,C+R+N (no stop),0,0,ica25
8,0.7294685990338164,0.7692307692307693,0.7025765776634216,C+R+N (no stop),0,0,ica25
9,0.7729468599033816,0.7692307692307693,0.686700701713562,C+R+N (no stop),0,0,ica25
10,0.782608695652174,0.7692307692307693,0.6290286183357239,C+R+N (no stop),0,0,ica25
11,0.8357487922705314,0.8461538461538461,0.5760224461555481,C+R+N (no stop),0,0,ica25
12,0.821256038647343,0.7692307692307693,0.5821130275726318,C+R+N (no stop),0,0,ica25
13,0.8309178743961353,0.6923076923076923,0.6220276355743408,C+R+N (no stop),0,0,ica25
14,0.855072463768116,0.6153846153846154,0.4467112123966217,C+R+N (no stop),0,0,ica25
15,0.855072463768116,0.6923076923076923,0.6356267333030701,C+R+N (no stop),0,0,ica25
16,0.8985507246376812,0.6923076923076923,0.50384521484375,C+R+N (no stop),0,0,ica25
17,0.9082125603864735,0.6923076923076923,0.5407320857048035,C+R+N (no stop),0,0,ica25
18,0.9323671497584541,0.6153846153846154,0.3810153603553772,C+R+N (no stop),0,0,ica25
19,0.9323671497584541,0.6153846153846154,0.3552335202693939,C+R+N (no stop),0,0,ica25
20,0.9420289855072463,0.6923076923076923,0.6148895025253296,C+R+N (no stop),0,0,ica25
1,0.4951923076923077,0.5384615384615384,0.6991101503372192,C+R+N (no stop),0,1,ica25
2,0.5144230769230769,0.5384615384615384,0.6852969527244568,C+R+N (no stop),0,1,ica25
3,0.5240384615384616,0.5384615384615384,0.6762422323226929,C+R+N (no stop),0,1,ica25
4,0.5673076923076923,0.6153846153846154,0.6690181493759155,C+R+N (no stop),0,1,ica25
5,0.5961538461538461,0.6153846153846154,0.6760239005088806,C+R+N (no stop),0,1,ica25
6,0.6875,0.6923076923076923,0.646859347820282,C+R+N (no stop),0,1,ica25
7,0.7692307692307693,0.6153846153846154,0.6448429822921753,C+R+N (no stop),0,1,ica25
8,0.7740384615384616,0.6153846153846154,0.5873414278030396,C+R+N (no stop),0,1,ica25
9,0.7740384615384616,0.6153846153846154,0.5450593829154968,C+R+N (no stop),0,1,ica25
10,0.8317307692307693,0.5384615384615384,0.5289418697357178,C+R+N (no stop),0,1,ica25
11,0.8557692307692307,0.6153846153846154,0.48314428329467773,C+R+N (no stop),0,1,ica25
12,0.8798076923076923,0.6153846153846154,0.5690316557884216,C+R+N (no stop),0,1,ica25
13,0.8894230769230769,0.6153846153846154,0.5240868926048279,C+R+N (no stop),0,1,ica25
14,0.8942307692307693,0.5384615384615384,0.48151206970214844,C+R+N (no stop),0,1,ica25
15,0.9038461538461539,0.5384615384615384,0.3797460198402405,C+R+N (no stop),0,1,ica25
16,0.9182692307692307,0.5384615384615384,0.673887312412262,C+R+N (no stop),0,1,ica25
17,0.9423076923076923,0.6923076923076923,0.4568212628364563,C+R+N (no stop),0,1,ica25
18,0.9471153846153846,0.6923076923076923,0.2867220342159271,C+R+N (no stop),0,1,ica25
19,0.9519230769230769,0.5384615384615384,0.4610600769519806,C+R+N (no stop),0,1,ica25
20,0.9567307692307693,0.6153846153846154,0.2584211826324463,C+R+N (no stop),0,1,ica25
1,0.5144230769230769,0.46153846153846156,0.683748722076416,C+R+N (no stop),0,2,ica25
2,0.5480769230769231,0.46153846153846156,0.6786519289016724,C+R+N (no stop),0,2,ica25
3,0.6442307692307693,0.5384615384615384,0.6972792148590088,C+R+N (no stop),0,2,ica25
4,0.7019230769230769,0.46153846153846156,0.6807848215103149,C+R+N (no stop),0,2,ica25
5,0.7884615384615384,0.6153846153846154,0.6470717787742615,C+R+N (no stop),0,2,ica25
6,0.8125,0.6153846153846154,0.6266679763793945,C+R+N (no stop),0,2,ica25
7,0.7692307692307693,0.5384615384615384,0.6089624166488647,C+R+N (no stop),0,2,ica25
8,0.7596153846153846,0.6153846153846154,0.676255464553833,C+R+N (no stop),0,2,ica25
9,0.7451923076923077,0.6153846153846154,0.6081585884094238,C+R+N (no stop),0,2,ica25
10,0.8173076923076923,0.6153846153846154,0.4777522087097168,C+R+N (no stop),0,2,ica25
11,0.8509615384615384,0.6153846153846154,0.552924394607544,C+R+N (no stop),0,2,ica25
12,0.8653846153846154,0.6153846153846154,0.47527605295181274,C+R+N (no stop),0,2,ica25
13,0.8653846153846154,0.6153846153846154,0.4142454266548157,C+R+N (no stop),0,2,ica25
14,0.8990384615384616,0.6153846153846154,0.46207642555236816,C+R+N (no stop),0,2,ica25
15,0.9230769230769231,0.6153846153846154,0.31780409812927246,C+R+N (no stop),0,2,ica25
16,0.9278846153846154,0.6153846153846154,0.3306477963924408,C+R+N (no stop),0,2,ica25
17,0.9423076923076923,0.6923076923076923,0.32415497303009033,C+R+N (no stop),0,2,ica25
18,0.9471153846153846,0.5384615384615384,0.2886826992034912,C+R+N (no stop),0,2,ica25
19,0.9519230769230769,0.6153846153846154,0.2627885937690735,C+R+N (no stop),0,2,ica25
20,0.9567307692307693,0.6153846153846154,0.25007879734039307,C+R+N (no stop),0,2,ica25
1,0.4951923076923077,0.5384615384615384,0.8212836384773254,C+R+N (no stop),0,3,ica25
2,0.4951923076923077,0.5384615384615384,0.679434061050415,C+R+N (no stop),0,3,ica25
3,0.4951923076923077,0.5384615384615384,0.6920824646949768,C+R+N (no stop),0,3,ica25
4,0.4951923076923077,0.5384615384615384,0.6697301864624023,C+R+N (no stop),0,3,ica25
5,0.4951923076923077,0.5384615384615384,0.6913937330245972,C+R+N (no stop),0,3,ica25
6,0.5528846153846154,0.6153846153846154,0.7107079029083252,C+R+N (no stop),0,3,ica25
7,0.6153846153846154,0.5384615384615384,0.6376417875289917,C+R+N (no stop),0,3,ica25
8,0.6682692307692307,0.6923076923076923,0.6648414134979248,C+R+N (no stop),0,3,ica25
9,0.7067307692307693,0.6153846153846154,0.5827773809432983,C+R+N (no stop),0,3,ica25
10,0.7403846153846154,0.6153846153846154,0.5244030952453613,C+R+N (no stop),0,3,ica25
11,0.7932692307692307,0.6153846153846154,0.5559946894645691,C+R+N (no stop),0,3,ica25
12,0.8221153846153846,0.6153846153846154,0.5511419773101807,C+R+N (no stop),0,3,ica25
13,0.8125,0.6153846153846154,0.5254397392272949,C+R+N (no stop),0,3,ica25
14,0.8509615384615384,0.46153846153846156,0.3801901936531067,C+R+N (no stop),0,3,ica25
15,0.8557692307692307,0.5384615384615384,0.32696396112442017,C+R+N (no stop),0,3,ica25
16,0.8798076923076923,0.46153846153846156,0.49215078353881836,C+R+N (no stop),0,3,ica25
17,0.8701923076923077,0.5384615384615384,0.3754674792289734,C+R+N (no stop),0,3,ica25
18,0.9086538461538461,0.46153846153846156,0.27662619948387146,C+R+N (no stop),0,3,ica25
19,0.9182692307692307,0.38461538461538464,0.34568652510643005,C+R+N (no stop),0,3,ica25
20,0.9278846153846154,0.38461538461538464,0.41154745221138,C+R+N (no stop),0,3,ica25
1,0.5048076923076923,0.6153846153846154,0.7057440280914307,C+R+N (no stop),0,4,ica25
2,0.5673076923076923,0.6153846153846154,0.6816743612289429,C+R+N (no stop),0,4,ica25
3,0.6682692307692307,0.46153846153846156,0.6724540591239929,C+R+N (no stop),0,4,ica25
4,0.6778846153846154,0.5384615384615384,0.675127387046814,C+R+N (no stop),0,4,ica25
5,0.7163461538461539,0.46153846153846156,0.6509193181991577,C+R+N (no stop),0,4,ica25
6,0.75,0.6923076923076923,0.6573666930198669,C+R+N (no stop),0,4,ica25
7,0.8076923076923077,0.7692307692307693,0.6694754958152771,C+R+N (no stop),0,4,ica25
8,0.7980769230769231,0.6153846153846154,0.6379789710044861,C+R+N (no stop),0,4,ica25
9,0.8076923076923077,0.6923076923076923,0.5633958578109741,C+R+N (no stop),0,4,ica25
10,0.8028846153846154,0.6923076923076923,0.5540878176689148,C+R+N (no stop),0,4,ica25
11,0.8221153846153846,0.7692307692307693,0.5077276229858398,C+R+N (no stop),0,4,ica25
12,0.875,0.8461538461538461,0.48519566655158997,C+R+N (no stop),0,4,ica25
13,0.8653846153846154,0.6923076923076923,0.46492069959640503,C+R+N (no stop),0,4,ica25
14,0.8798076923076923,0.7692307692307693,0.3701731562614441,C+R+N (no stop),0,4,ica25
15,0.8701923076923077,0.7692307692307693,0.4757830500602722,C+R+N (no stop),0,4,ica25
16,0.9038461538461539,0.6923076923076923,0.5188449621200562,C+R+N (no stop),0,4,ica25
17,0.8942307692307693,0.8461538461538461,0.4160146713256836,C+R+N (no stop),0,4,ica25
18,0.9134615384615384,0.7692307692307693,0.46586909890174866,C+R+N (no stop),0,4,ica25
19,0.9278846153846154,0.8461538461538461,0.32644373178482056,C+R+N (no stop),0,4,ica25
20,0.9471153846153846,0.6923076923076923,0.2569327652454376,C+R+N (no stop),0,4,ica25
1,0.5,0.46153846153846156,0.690795361995697,C+R+N (no stop),0,5,ica25
2,0.5,0.46153846153846156,0.6648274660110474,C+R+N (no stop),0,5,ica25
3,0.5048076923076923,0.46153846153846156,0.7014966011047363,C+R+N (no stop),0,5,ica25
4,0.6153846153846154,0.46153846153846156,0.7251328229904175,C+R+N (no stop),0,5,ica25
5,0.6538461538461539,0.46153846153846156,0.7055298686027527,C+R+N (no stop),0,5,ica25
6,0.6971153846153846,0.46153846153846156,0.6775232553482056,C+R+N (no stop),0,5,ica25
7,0.7115384615384616,0.5384615384615384,0.6419761180877686,C+R+N (no stop),0,5,ica25
8,0.6971153846153846,0.46153846153846156,0.6943709850311279,C+R+N (no stop),0,5,ica25
9,0.7644230769230769,0.5384615384615384,0.6193216443061829,C+R+N (no stop),0,5,ica25
10,0.7307692307692307,0.6153846153846154,0.5577879548072815,C+R+N (no stop),0,5,ica25
11,0.7932692307692307,0.5384615384615384,0.5994160771369934,C+R+N (no stop),0,5,ica25
12,0.7692307692307693,0.6153846153846154,0.6138323545455933,C+R+N (no stop),0,5,ica25
13,0.8076923076923077,0.6153846153846154,0.5730537176132202,C+R+N (no stop),0,5,ica25
14,0.8173076923076923,0.6923076923076923,0.5843089818954468,C+R+N (no stop),0,5,ica25
15,0.8798076923076923,0.5384615384615384,0.5349724292755127,C+R+N (no stop),0,5,ica25
16,0.8557692307692307,0.5384615384615384,0.4552481770515442,C+R+N (no stop),0,5,ica25
17,0.8894230769230769,0.5384615384615384,0.727053165435791,C+R+N (no stop),0,5,ica25
18,0.8942307692307693,0.46153846153846156,0.42987293004989624,C+R+N (no stop),0,5,ica25
19,0.8365384615384616,0.5384615384615384,0.3433615267276764,C+R+N (no stop),0,5,ica25
20,0.9134615384615384,0.5384615384615384,0.6214005351066589,C+R+N (no stop),0,5,ica25
1,0.5144230769230769,0.5384615384615384,0.6764539480209351,C+R+N (no stop),0,6,ica25
2,0.6009615384615384,0.46153846153846156,0.6884154081344604,C+R+N (no stop),0,6,ica25
3,0.6875,0.38461538461538464,0.6339396238327026,C+R+N (no stop),0,6,ica25
4,0.7115384615384616,0.5384615384615384,0.6735230684280396,C+R+N (no stop),0,6,ica25
5,0.7644230769230769,0.46153846153846156,0.6012511253356934,C+R+N (no stop),0,6,ica25
6,0.7692307692307693,0.46153846153846156,0.6379954218864441,C+R+N (no stop),0,6,ica25
7,0.7884615384615384,0.6923076923076923,0.6775096654891968,C+R+N (no stop),0,6,ica25
8,0.8269230769230769,0.5384615384615384,0.4772800803184509,C+R+N (no stop),0,6,ica25
9,0.8269230769230769,0.6923076923076923,0.5775411128997803,C+R+N (no stop),0,6,ica25
10,0.8894230769230769,0.5384615384615384,0.5189104676246643,C+R+N (no stop),0,6,ica25
11,0.8798076923076923,0.6923076923076923,0.5846096873283386,C+R+N (no stop),0,6,ica25
12,0.9230769230769231,0.6153846153846154,0.417158305644989,C+R+N (no stop),0,6,ica25
13,0.9471153846153846,0.6153846153846154,0.36919474601745605,C+R+N (no stop),0,6,ica25
14,0.9375,0.6923076923076923,0.4145784378051758,C+R+N (no stop),0,6,ica25
15,0.9567307692307693,0.6153846153846154,0.2801227569580078,C+R+N (no stop),0,6,ica25
16,0.9567307692307693,0.6923076923076923,0.3579176664352417,C+R+N (no stop),0,6,ica25
17,0.9567307692307693,0.6923076923076923,0.3354555368423462,C+R+N (no stop),0,6,ica25
18,0.9615384615384616,0.6153846153846154,0.43505921959877014,C+R+N (no stop),0,6,ica25
19,0.9375,0.6923076923076923,0.2240341156721115,C+R+N (no stop),0,6,ica25
20,0.9567307692307693,0.6923076923076923,0.44471603631973267,C+R+N (no stop),0,6,ica25
1,0.5,0.5384615384615384,0.73075932264328,C+R+N (no stop),0,7,ica25
2,0.5,0.5384615384615384,0.7659434080123901,C+R+N (no stop),0,7,ica25
3,0.5,0.5384615384615384,0.6699315905570984,C+R+N (no stop),0,7,ica25
4,0.5,0.5384615384615384,0.6599559783935547,C+R+N (no stop),0,7,ica25
5,0.5769230769230769,0.5384615384615384,0.6792474985122681,C+R+N (no stop),0,7,ica25
6,0.6875,0.23076923076923078,0.6818670630455017,C+R+N (no stop),0,7,ica25
7,0.7067307692307693,0.46153846153846156,0.6396859288215637,C+R+N (no stop),0,7,ica25
8,0.7211538461538461,0.5384615384615384,0.7358219623565674,C+R+N (no stop),0,7,ica25
9,0.7644230769230769,0.6153846153846154,0.7181692123413086,C+R+N (no stop),0,7,ica25
10,0.7884615384615384,0.6153846153846154,0.5174383521080017,C+R+N (no stop),0,7,ica25
11,0.7932692307692307,0.6923076923076923,0.49310576915740967,C+R+N (no stop),0,7,ica25
12,0.8028846153846154,0.6923076923076923,0.587150514125824,C+R+N (no stop),0,7,ica25
13,0.8173076923076923,0.6923076923076923,0.5182068347930908,C+R+N (no stop),0,7,ica25
14,0.8509615384615384,0.6923076923076923,0.5028857588768005,C+R+N (no stop),0,7,ica25
15,0.8701923076923077,0.7692307692307693,0.3647415041923523,C+R+N (no stop),0,7,ica25
16,0.8846153846153846,0.6923076923076923,0.44403964281082153,C+R+N (no stop),0,7,ica25
17,0.9134615384615384,0.6153846153846154,0.4411294460296631,C+R+N (no stop),0,7,ica25
18,0.9375,0.7692307692307693,0.29616886377334595,C+R+N (no stop),0,7,ica25
19,0.9375,0.7692307692307693,0.43885284662246704,C+R+N (no stop),0,7,ica25
20,0.9375,0.6923076923076923,0.40789714455604553,C+R+N (no stop),0,7,ica25
1,0.5673076923076923,0.38461538461538464,0.7050836682319641,C+R+N (no stop),0,8,ica25
2,0.6586538461538461,0.38461538461538464,0.6972370743751526,C+R+N (no stop),0,8,ica25
3,0.7115384615384616,0.5384615384615384,0.6822788715362549,C+R+N (no stop),0,8,ica25
4,0.7115384615384616,0.46153846153846156,0.6708426475524902,C+R+N (no stop),0,8,ica25
5,0.7403846153846154,0.38461538461538464,0.6727019548416138,C+R+N (no stop),0,8,ica25
6,0.7403846153846154,0.3076923076923077,0.6712347865104675,C+R+N (no stop),0,8,ica25
7,0.7788461538461539,0.3076923076923077,0.6504938006401062,C+R+N (no stop),0,8,ica25
8,0.8076923076923077,0.38461538461538464,0.5736780166625977,C+R+N (no stop),0,8,ica25
9,0.8125,0.38461538461538464,0.5477221012115479,C+R+N (no stop),0,8,ica25
10,0.8269230769230769,0.46153846153846156,0.5631021857261658,C+R+N (no stop),0,8,ica25
11,0.8557692307692307,0.46153846153846156,0.4350077509880066,C+R+N (no stop),0,8,ica25
12,0.8653846153846154,0.3076923076923077,0.3992435038089752,C+R+N (no stop),0,8,ica25
13,0.8894230769230769,0.38461538461538464,0.4425283968448639,C+R+N (no stop),0,8,ica25
14,0.8798076923076923,0.46153846153846156,0.5662413835525513,C+R+N (no stop),0,8,ica25
15,0.8990384615384616,0.46153846153846156,0.6728843450546265,C+R+N (no stop),0,8,ica25
16,0.9134615384615384,0.46153846153846156,0.34392327070236206,C+R+N (no stop),0,8,ica25
17,0.9375,0.46153846153846156,0.45184755325317383,C+R+N (no stop),0,8,ica25
18,0.9326923076923077,0.46153846153846156,0.3817623555660248,C+R+N (no stop),0,8,ica25
19,0.9326923076923077,0.5384615384615384,0.32220539450645447,C+R+N (no stop),0,8,ica25
20,0.9471153846153846,0.5384615384615384,0.348301500082016,C+R+N (no stop),0,8,ica25
1,0.5,0.5384615384615384,0.70287024974823,C+R+N (no stop),0,9,ica25
2,0.5336538461538461,0.5384615384615384,0.6949717998504639,C+R+N (no stop),0,9,ica25
3,0.6201923076923077,0.5384615384615384,0.6686888933181763,C+R+N (no stop),0,9,ica25
4,0.6201923076923077,0.46153846153846156,0.6943870186805725,C+R+N (no stop),0,9,ica25
5,0.6682692307692307,0.6153846153846154,0.6515264511108398,C+R+N (no stop),0,9,ica25
6,0.7067307692307693,0.5384615384615384,0.6159208416938782,C+R+N (no stop),0,9,ica25
7,0.7355769230769231,0.46153846153846156,0.5493025183677673,C+R+N (no stop),0,9,ica25
8,0.75,0.46153846153846156,0.5981343984603882,C+R+N (no stop),0,9,ica25
9,0.7740384615384616,0.46153846153846156,0.6389303207397461,C+R+N (no stop),0,9,ica25
10,0.8173076923076923,0.46153846153846156,0.5039165019989014,C+R+N (no stop),0,9,ica25
11,0.8076923076923077,0.5384615384615384,0.579115629196167,C+R+N (no stop),0,9,ica25
12,0.8317307692307693,0.6153846153846154,0.4303951859474182,C+R+N (no stop),0,9,ica25
13,0.8509615384615384,0.5384615384615384,0.5560301542282104,C+R+N (no stop),0,9,ica25
14,0.8557692307692307,0.6153846153846154,0.4511239230632782,C+R+N (no stop),0,9,ica25
15,0.8605769230769231,0.5384615384615384,0.5562385320663452,C+R+N (no stop),0,9,ica25
16,0.8894230769230769,0.6153846153846154,0.3511934280395508,C+R+N (no stop),0,9,ica25
17,0.9086538461538461,0.6923076923076923,0.3210161328315735,C+R+N (no stop),0,9,ica25
18,0.9182692307692307,0.6153846153846154,0.33659613132476807,C+R+N (no stop),0,9,ica25
19,0.9278846153846154,0.6923076923076923,0.27518272399902344,C+R+N (no stop),0,9,ica25
20,0.9375,0.6153846153846154,0.27783703804016113,C+R+N (no stop),0,9,ica25
1,0.5169082125603864,0.38461538461538464,0.6314705014228821,C+R+N+demo (no stop),0,0,ica25
2,0.5314009661835749,0.38461538461538464,0.7575460076332092,C+R+N+demo (no stop),0,0,ica25
3,0.5748792270531401,0.38461538461538464,0.5404626131057739,C+R+N+demo (no stop),0,0,ica25
4,0.6231884057971014,0.38461538461538464,0.6528564095497131,C+R+N+demo (no stop),0,0,ica25
5,0.6521739130434783,0.46153846153846156,0.6174777746200562,C+R+N+demo (no stop),0,0,ica25
6,0.6763285024154589,0.46153846153846156,0.6379823684692383,C+R+N+demo (no stop),0,0,ica25
7,0.6908212560386473,0.6153846153846154,0.5991320013999939,C+R+N+demo (no stop),0,0,ica25
8,0.7198067632850241,0.5384615384615384,0.6952861547470093,C+R+N+demo (no stop),0,0,ica25
9,0.7584541062801933,0.6153846153846154,0.7236993312835693,C+R+N+demo (no stop),0,0,ica25
10,0.748792270531401,0.6153846153846154,0.48300233483314514,C+R+N+demo (no stop),0,0,ica25
11,0.7971014492753623,0.6153846153846154,0.5906256437301636,C+R+N+demo (no stop),0,0,ica25
12,0.8019323671497585,0.7692307692307693,0.4908900558948517,C+R+N+demo (no stop),0,0,ica25
13,0.8164251207729468,0.6923076923076923,0.6609213352203369,C+R+N+demo (no stop),0,0,ica25
14,0.8260869565217391,0.6923076923076923,0.693715512752533,C+R+N+demo (no stop),0,0,ica25
15,0.8357487922705314,0.6923076923076923,0.6311436891555786,C+R+N+demo (no stop),0,0,ica25
16,0.893719806763285,0.7692307692307693,0.41855672001838684,C+R+N+demo (no stop),0,0,ica25
17,0.8888888888888888,0.7692307692307693,0.47293663024902344,C+R+N+demo (no stop),0,0,ica25
18,0.9130434782608695,0.7692307692307693,0.33851751685142517,C+R+N+demo (no stop),0,0,ica25
19,0.9033816425120773,0.5384615384615384,0.4919060468673706,C+R+N+demo (no stop),0,0,ica25
20,0.8792270531400966,0.6923076923076923,0.4799695312976837,C+R+N+demo (no stop),0,0,ica25
1,0.4326923076923077,0.5384615384615384,0.7977075576782227,C+R+N+demo (no stop),0,1,ica25
2,0.44711538461538464,0.5384615384615384,0.6347431540489197,C+R+N+demo (no stop),0,1,ica25
3,0.4951923076923077,0.6153846153846154,0.704788863658905,C+R+N+demo (no stop),0,1,ica25
4,0.5192307692307693,0.6153846153846154,0.6505861282348633,C+R+N+demo (no stop),0,1,ica25
5,0.5769230769230769,0.6153846153846154,0.7642390727996826,C+R+N+demo (no stop),0,1,ica25
6,0.6009615384615384,0.5384615384615384,0.6623318195343018,C+R+N+demo (no stop),0,1,ica25
7,0.6826923076923077,0.6153846153846154,0.6589822173118591,C+R+N+demo (no stop),0,1,ica25
8,0.7596153846153846,0.5384615384615384,0.6360067129135132,C+R+N+demo (no stop),0,1,ica25
9,0.7548076923076923,0.5384615384615384,0.6830467581748962,C+R+N+demo (no stop),0,1,ica25
10,0.7788461538461539,0.6153846153846154,0.5577332973480225,C+R+N+demo (no stop),0,1,ica25
11,0.8125,0.6153846153846154,0.46077996492385864,C+R+N+demo (no stop),0,1,ica25
12,0.8317307692307693,0.6153846153846154,0.5327818393707275,C+R+N+demo (no stop),0,1,ica25
13,0.8605769230769231,0.5384615384615384,0.5642178654670715,C+R+N+demo (no stop),0,1,ica25
14,0.8894230769230769,0.5384615384615384,0.4568864703178406,C+R+N+demo (no stop),0,1,ica25
15,0.8942307692307693,0.5384615384615384,0.5096812844276428,C+R+N+demo (no stop),0,1,ica25
16,0.8942307692307693,0.6153846153846154,0.4650167226791382,C+R+N+demo (no stop),0,1,ica25
17,0.9182692307692307,0.6153846153846154,0.31091439723968506,C+R+N+demo (no stop),0,1,ica25
18,0.9471153846153846,0.6153846153846154,0.29432833194732666,C+R+N+demo (no stop),0,1,ica25
19,0.9471153846153846,0.6153846153846154,0.31616443395614624,C+R+N+demo (no stop),0,1,ica25
20,0.9519230769230769,0.6153846153846154,0.3654535412788391,C+R+N+demo (no stop),0,1,ica25
1,0.46153846153846156,0.5384615384615384,0.7181647419929504,C+R+N+demo (no stop),0,2,ica25
2,0.4807692307692308,0.5384615384615384,0.6806448698043823,C+R+N+demo (no stop),0,2,ica25
3,0.4951923076923077,0.5384615384615384,0.6470170021057129,C+R+N+demo (no stop),0,2,ica25
4,0.5288461538461539,0.6153846153846154,0.6435747146606445,C+R+N+demo (no stop),0,2,ica25
5,0.6153846153846154,0.6923076923076923,0.7010291814804077,C+R+N+demo (no stop),0,2,ica25
6,0.6826923076923077,0.6923076923076923,0.6855953335762024,C+R+N+demo (no stop),0,2,ica25
7,0.7644230769230769,0.5384615384615384,0.5961207747459412,C+R+N+demo (no stop),0,2,ica25
8,0.8076923076923077,0.6153846153846154,0.6173831224441528,C+R+N+demo (no stop),0,2,ica25
9,0.7884615384615384,0.5384615384615384,0.5873043537139893,C+R+N+demo (no stop),0,2,ica25
10,0.8413461538461539,0.5384615384615384,0.45321840047836304,C+R+N+demo (no stop),0,2,ica25
11,0.8317307692307693,0.46153846153846156,0.676459550857544,C+R+N+demo (no stop),0,2,ica25
12,0.8605769230769231,0.46153846153846156,0.33539867401123047,C+R+N+demo (no stop),0,2,ica25
13,0.8798076923076923,0.5384615384615384,0.42359602451324463,C+R+N+demo (no stop),0,2,ica25
14,0.8846153846153846,0.3076923076923077,0.48308122158050537,C+R+N+demo (no stop),0,2,ica25
15,0.8990384615384616,0.5384615384615384,0.36507928371429443,C+R+N+demo (no stop),0,2,ica25
16,0.9134615384615384,0.46153846153846156,0.39570188522338867,C+R+N+demo (no stop),0,2,ica25
17,0.9182692307692307,0.5384615384615384,0.42560434341430664,C+R+N+demo (no stop),0,2,ica25
18,0.9326923076923077,0.38461538461538464,0.24112841486930847,C+R+N+demo (no stop),0,2,ica25
19,0.9326923076923077,0.3076923076923077,0.3858566880226135,C+R+N+demo (no stop),0,2,ica25
20,0.9375,0.46153846153846156,0.2592165172100067,C+R+N+demo (no stop),0,2,ica25
1,0.40384615384615385,0.46153846153846156,0.7379481792449951,C+R+N+demo (no stop),0,3,ica25
2,0.4182692307692308,0.46153846153846156,0.7080440521240234,C+R+N+demo (no stop),0,3,ica25
3,0.4230769230769231,0.46153846153846156,0.7151162028312683,C+R+N+demo (no stop),0,3,ica25
4,0.4326923076923077,0.5384615384615384,0.7062206268310547,C+R+N+demo (no stop),0,3,ica25
5,0.44711538461538464,0.6153846153846154,0.7505483627319336,C+R+N+demo (no stop),0,3,ica25
6,0.5,0.6153846153846154,0.661716103553772,C+R+N+demo (no stop),0,3,ica25
7,0.5673076923076923,0.6153846153846154,0.628328263759613,C+R+N+demo (no stop),0,3,ica25
8,0.6298076923076923,0.46153846153846156,0.6422322988510132,C+R+N+demo (no stop),0,3,ica25
9,0.7451923076923077,0.46153846153846156,0.660865068435669,C+R+N+demo (no stop),0,3,ica25
10,0.7980769230769231,0.5384615384615384,0.5683642029762268,C+R+N+demo (no stop),0,3,ica25
11,0.7932692307692307,0.38461538461538464,0.6355713605880737,C+R+N+demo (no stop),0,3,ica25
12,0.8076923076923077,0.5384615384615384,0.5481579303741455,C+R+N+demo (no stop),0,3,ica25
13,0.8461538461538461,0.46153846153846156,0.5407346487045288,C+R+N+demo (no stop),0,3,ica25
14,0.875,0.46153846153846156,0.43304818868637085,C+R+N+demo (no stop),0,3,ica25
15,0.875,0.46153846153846156,0.4292463958263397,C+R+N+demo (no stop),0,3,ica25
16,0.9038461538461539,0.5384615384615384,0.4787728488445282,C+R+N+demo (no stop),0,3,ica25
17,0.9230769230769231,0.5384615384615384,0.44464361667633057,C+R+N+demo (no stop),0,3,ica25
18,0.9230769230769231,0.46153846153846156,0.37986037135124207,C+R+N+demo (no stop),0,3,ica25
19,0.9230769230769231,0.6153846153846154,0.2753985524177551,C+R+N+demo (no stop),0,3,ica25
20,0.9375,0.5384615384615384,0.4519430100917816,C+R+N+demo (no stop),0,3,ica25
1,0.5480769230769231,0.38461538461538464,0.7490060925483704,C+R+N+demo (no stop),0,4,ica25
2,0.5625,0.38461538461538464,0.6935641765594482,C+R+N+demo (no stop),0,4,ica25
3,0.5721153846153846,0.38461538461538464,0.7179285287857056,C+R+N+demo (no stop),0,4,ica25
4,0.5865384615384616,0.38461538461538464,0.711421012878418,C+R+N+demo (no stop),0,4,ica25
5,0.6201923076923077,0.38461538461538464,0.7258367538452148,C+R+N+demo (no stop),0,4,ica25
6,0.6538461538461539,0.38461538461538464,0.6505502462387085,C+R+N+demo (no stop),0,4,ica25
7,0.7019230769230769,0.5384615384615384,0.7236629724502563,C+R+N+demo (no stop),0,4,ica25
8,0.7403846153846154,0.6153846153846154,0.6577937602996826,C+R+N+demo (no stop),0,4,ica25
9,0.8125,0.46153846153846156,0.584966242313385,C+R+N+demo (no stop),0,4,ica25
10,0.8221153846153846,0.5384615384615384,0.5860836505889893,C+R+N+demo (no stop),0,4,ica25
11,0.8125,0.5384615384615384,0.4692057967185974,C+R+N+demo (no stop),0,4,ica25
12,0.7884615384615384,0.5384615384615384,0.6293625831604004,C+R+N+demo (no stop),0,4,ica25
13,0.8798076923076923,0.5384615384615384,0.5060336589813232,C+R+N+demo (no stop),0,4,ica25
14,0.8894230769230769,0.6153846153846154,0.4353598356246948,C+R+N+demo (no stop),0,4,ica25
15,0.9038461538461539,0.6153846153846154,0.6340237855911255,C+R+N+demo (no stop),0,4,ica25
16,0.8942307692307693,0.6923076923076923,0.5569459199905396,C+R+N+demo (no stop),0,4,ica25
17,0.9086538461538461,0.6153846153846154,0.3852747678756714,C+R+N+demo (no stop),0,4,ica25
18,0.9230769230769231,0.5384615384615384,0.3831147253513336,C+R+N+demo (no stop),0,4,ica25
19,0.9278846153846154,0.6153846153846154,0.2348988652229309,C+R+N+demo (no stop),0,4,ica25
20,0.9663461538461539,0.6153846153846154,0.21759769320487976,C+R+N+demo (no stop),0,4,ica25
1,0.5865384615384616,0.5384615384615384,0.591948926448822,C+R+N+demo (no stop),0,5,ica25
2,0.5769230769230769,0.5384615384615384,0.7202361226081848,C+R+N+demo (no stop),0,5,ica25
3,0.5817307692307693,0.46153846153846156,0.7468703985214233,C+R+N+demo (no stop),0,5,ica25
4,0.625,0.46153846153846156,0.6808796525001526,C+R+N+demo (no stop),0,5,ica25
5,0.6201923076923077,0.46153846153846156,0.6496933698654175,C+R+N+demo (no stop),0,5,ica25
6,0.625,0.38461538461538464,0.5915021300315857,C+R+N+demo (no stop),0,5,ica25
7,0.6538461538461539,0.38461538461538464,0.6281020641326904,C+R+N+demo (no stop),0,5,ica25
8,0.6730769230769231,0.46153846153846156,0.7018926739692688,C+R+N+demo (no stop),0,5,ica25
9,0.7259615384615384,0.46153846153846156,0.5963872075080872,C+R+N+demo (no stop),0,5,ica25
10,0.75,0.46153846153846156,0.5146473050117493,C+R+N+demo (no stop),0,5,ica25
11,0.8173076923076923,0.38461538461538464,0.4631626009941101,C+R+N+demo (no stop),0,5,ica25
12,0.8221153846153846,0.46153846153846156,0.5615493059158325,C+R+N+demo (no stop),0,5,ica25
13,0.8509615384615384,0.5384615384615384,0.5395540595054626,C+R+N+demo (no stop),0,5,ica25
14,0.8894230769230769,0.6923076923076923,0.6266680955886841,C+R+N+demo (no stop),0,5,ica25
15,0.8942307692307693,0.46153846153846156,0.4483283460140228,C+R+N+demo (no stop),0,5,ica25
16,0.8894230769230769,0.5384615384615384,0.45522528886795044,C+R+N+demo (no stop),0,5,ica25
17,0.9326923076923077,0.5384615384615384,0.6697893738746643,C+R+N+demo (no stop),0,5,ica25
18,0.9326923076923077,0.5384615384615384,0.47034451365470886,C+R+N+demo (no stop),0,5,ica25
19,0.9375,0.38461538461538464,0.34554654359817505,C+R+N+demo (no stop),0,5,ica25
20,0.9423076923076923,0.5384615384615384,0.3755883574485779,C+R+N+demo (no stop),0,5,ica25
1,0.4951923076923077,0.5384615384615384,0.6881039142608643,C+R+N+demo (no stop),0,6,ica25
2,0.5192307692307693,0.6153846153846154,0.7092452049255371,C+R+N+demo (no stop),0,6,ica25
3,0.5961538461538461,0.5384615384615384,0.685034453868866,C+R+N+demo (no stop),0,6,ica25
4,0.6634615384615384,0.6153846153846154,0.6530507206916809,C+R+N+demo (no stop),0,6,ica25
5,0.7067307692307693,0.6923076923076923,0.6207085847854614,C+R+N+demo (no stop),0,6,ica25
6,0.7548076923076923,0.6923076923076923,0.6920793056488037,C+R+N+demo (no stop),0,6,ica25
7,0.7836538461538461,0.6153846153846154,0.6448366045951843,C+R+N+demo (no stop),0,6,ica25
8,0.8509615384615384,0.6153846153846154,0.5612112283706665,C+R+N+demo (no stop),0,6,ica25
9,0.8509615384615384,0.6923076923076923,0.5256547927856445,C+R+N+demo (no stop),0,6,ica25
10,0.8509615384615384,0.6923076923076923,0.47898975014686584,C+R+N+demo (no stop),0,6,ica25
11,0.8605769230769231,0.5384615384615384,0.5037193298339844,C+R+N+demo (no stop),0,6,ica25
12,0.875,0.6923076923076923,0.43543949723243713,C+R+N+demo (no stop),0,6,ica25
13,0.9086538461538461,0.5384615384615384,0.42954760789871216,C+R+N+demo (no stop),0,6,ica25
14,0.9086538461538461,0.5384615384615384,0.41756969690322876,C+R+N+demo (no stop),0,6,ica25
15,0.9278846153846154,0.6923076923076923,0.3417605757713318,C+R+N+demo (no stop),0,6,ica25
16,0.9423076923076923,0.6923076923076923,0.46445950865745544,C+R+N+demo (no stop),0,6,ica25
17,0.9615384615384616,0.6923076923076923,0.3082326054573059,C+R+N+demo (no stop),0,6,ica25
18,0.9615384615384616,0.6923076923076923,0.3324873745441437,C+R+N+demo (no stop),0,6,ica25
19,0.9711538461538461,0.5384615384615384,0.5250945091247559,C+R+N+demo (no stop),0,6,ica25
20,0.9711538461538461,0.6153846153846154,0.20549984276294708,C+R+N+demo (no stop),0,6,ica25
1,0.4567307692307692,0.38461538461538464,0.7958303093910217,C+R+N+demo (no stop),0,7,ica25
2,0.4807692307692308,0.38461538461538464,0.7550957202911377,C+R+N+demo (no stop),0,7,ica25
3,0.4855769230769231,0.38461538461538464,0.6824986934661865,C+R+N+demo (no stop),0,7,ica25
4,0.5336538461538461,0.38461538461538464,0.6877814531326294,C+R+N+demo (no stop),0,7,ica25
5,0.5528846153846154,0.38461538461538464,0.7535154819488525,C+R+N+demo (no stop),0,7,ica25
6,0.5865384615384616,0.3076923076923077,0.647358775138855,C+R+N+demo (no stop),0,7,ica25
7,0.625,0.3076923076923077,0.62804114818573,C+R+N+demo (no stop),0,7,ica25
8,0.6634615384615384,0.38461538461538464,0.6066521406173706,C+R+N+demo (no stop),0,7,ica25
9,0.7067307692307693,0.38461538461538464,0.7690960764884949,C+R+N+demo (no stop),0,7,ica25
10,0.7355769230769231,0.3076923076923077,0.5212594270706177,C+R+N+demo (no stop),0,7,ica25
11,0.8076923076923077,0.46153846153846156,0.48533639311790466,C+R+N+demo (no stop),0,7,ica25
12,0.8173076923076923,0.38461538461538464,0.5295823812484741,C+R+N+demo (no stop),0,7,ica25
13,0.8509615384615384,0.38461538461538464,0.5050477385520935,C+R+N+demo (no stop),0,7,ica25
14,0.8557692307692307,0.38461538461538464,0.42620038986206055,C+R+N+demo (no stop),0,7,ica25
15,0.8798076923076923,0.5384615384615384,0.36968135833740234,C+R+N+demo (no stop),0,7,ica25
16,0.9134615384615384,0.6153846153846154,0.425889790058136,C+R+N+demo (no stop),0,7,ica25
17,0.9134615384615384,0.6153846153846154,0.46759772300720215,C+R+N+demo (no stop),0,7,ica25
18,0.9326923076923077,0.6153846153846154,0.37888863682746887,C+R+N+demo (no stop),0,7,ica25
19,0.9375,0.6153846153846154,0.4363386631011963,C+R+N+demo (no stop),0,7,ica25
20,0.9519230769230769,0.5384615384615384,0.2949661314487457,C+R+N+demo (no stop),0,7,ica25
1,0.5576923076923077,0.5384615384615384,0.7383831143379211,C+R+N+demo (no stop),0,8,ica25
2,0.5480769230769231,0.5384615384615384,0.7666491270065308,C+R+N+demo (no stop),0,8,ica25
3,0.5817307692307693,0.5384615384615384,0.6904130578041077,C+R+N+demo (no stop),0,8,ica25
4,0.5961538461538461,0.5384615384615384,0.6383565664291382,C+R+N+demo (no stop),0,8,ica25
5,0.6057692307692307,0.5384615384615384,0.7026461958885193,C+R+N+demo (no stop),0,8,ica25
6,0.6778846153846154,0.5384615384615384,0.5701682567596436,C+R+N+demo (no stop),0,8,ica25
7,0.7067307692307693,0.46153846153846156,0.6618609428405762,C+R+N+demo (no stop),0,8,ica25
8,0.7692307692307693,0.46153846153846156,0.6462676525115967,C+R+N+demo (no stop),0,8,ica25
9,0.7932692307692307,0.46153846153846156,0.4984232485294342,C+R+N+demo (no stop),0,8,ica25
10,0.8269230769230769,0.46153846153846156,0.5833961367607117,C+R+N+demo (no stop),0,8,ica25
11,0.8365384615384616,0.46153846153846156,0.5367914438247681,C+R+N+demo (no stop),0,8,ica25
12,0.8509615384615384,0.38461538461538464,0.5738798379898071,C+R+N+demo (no stop),0,8,ica25
13,0.8605769230769231,0.38461538461538464,0.43070176243782043,C+R+N+demo (no stop),0,8,ica25
14,0.8990384615384616,0.46153846153846156,0.4738507866859436,C+R+N+demo (no stop),0,8,ica25
15,0.8894230769230769,0.5384615384615384,0.5017032623291016,C+R+N+demo (no stop),0,8,ica25
16,0.9086538461538461,0.5384615384615384,0.3856555223464966,C+R+N+demo (no stop),0,8,ica25
17,0.9375,0.5384615384615384,0.345745712518692,C+R+N+demo (no stop),0,8,ica25
18,0.9519230769230769,0.6153846153846154,0.3840100169181824,C+R+N+demo (no stop),0,8,ica25
19,0.9567307692307693,0.6153846153846154,0.26474910974502563,C+R+N+demo (no stop),0,8,ica25
20,0.9759615384615384,0.6153846153846154,0.2567218542098999,C+R+N+demo (no stop),0,8,ica25
1,0.5480769230769231,0.3076923076923077,0.7029721736907959,C+R+N+demo (no stop),0,9,ica25
2,0.5817307692307693,0.3076923076923077,0.653815746307373,C+R+N+demo (no stop),0,9,ica25
3,0.5961538461538461,0.38461538461538464,0.7070608139038086,C+R+N+demo (no stop),0,9,ica25
4,0.625,0.38461538461538464,0.6963444948196411,C+R+N+demo (no stop),0,9,ica25
5,0.6442307692307693,0.38461538461538464,0.6372631192207336,C+R+N+demo (no stop),0,9,ica25
6,0.7067307692307693,0.38461538461538464,0.6474764347076416,C+R+N+demo (no stop),0,9,ica25
7,0.7211538461538461,0.38461538461538464,0.46777722239494324,C+R+N+demo (no stop),0,9,ica25
8,0.7403846153846154,0.38461538461538464,0.5615878701210022,C+R+N+demo (no stop),0,9,ica25
9,0.7788461538461539,0.46153846153846156,0.6716977953910828,C+R+N+demo (no stop),0,9,ica25
10,0.7932692307692307,0.38461538461538464,0.5715094804763794,C+R+N+demo (no stop),0,9,ica25
11,0.7980769230769231,0.38461538461538464,0.6407201290130615,C+R+N+demo (no stop),0,9,ica25
12,0.8365384615384616,0.38461538461538464,0.5146838426589966,C+R+N+demo (no stop),0,9,ica25
13,0.8365384615384616,0.46153846153846156,0.46876776218414307,C+R+N+demo (no stop),0,9,ica25
14,0.8509615384615384,0.5384615384615384,0.47581496834754944,C+R+N+demo (no stop),0,9,ica25
15,0.8461538461538461,0.46153846153846156,0.6733412146568298,C+R+N+demo (no stop),0,9,ica25
16,0.8798076923076923,0.5384615384615384,0.35280120372772217,C+R+N+demo (no stop),0,9,ica25
17,0.8894230769230769,0.5384615384615384,0.4477987289428711,C+R+N+demo (no stop),0,9,ica25
18,0.9182692307692307,0.6153846153846154,0.39772629737854004,C+R+N+demo (no stop),0,9,ica25
19,0.9278846153846154,0.6923076923076923,0.3519860506057739,C+R+N+demo (no stop),0,9,ica25
20,0.9278846153846154,0.6153846153846154,0.34487131237983704,C+R+N+demo (no stop),0,9,ica25
