model,repeat,fold,parcellation,group,n_features,train_accuracy,dev_accuracy,accuracy,balanced_accuracy,precision,recall,specificity,f1,auc,tp,fp,tn,fn,seconds,epochs,best_epoch,stop_reason
LR,0,0,ica25,replication,28.0,0.7439613526570048,0.38461538461538464,0.5,0.5,0.5,0.5833333333333334,0.4166666666666667,0.5384615384615384,0.4930555555555556,7,7,5,5,0.07504105567932129,,,
LR,0,1,ica25,replication,28.0,0.7163461538461539,0.38461538461538464,0.6956521739130435,0.6931818181818181,0.7,0.6363636363636364,0.75,0.6666666666666666,0.7575757575757576,7,3,9,4,0.07504105567932129,,,
LR,0,2,ica25,replication,28.0,0.7067307692307693,0.38461538461538464,0.6521739130434783,0.6590909090909092,0.6,0.8181818181818182,0.5,0.6923076923076923,0.8181818181818181,9,6,6,2,0.07504105567932129,,,
LR,0,3,ica25,replication,28.0,0.7115384615384616,0.38461538461538464,0.6956521739130435,0.6931818181818181,0.7,0.6363636363636364,0.75,0.6666666666666666,0.7196969696969697,7,3,9,4,0.07504105567932129,,,
LR,0,4,ica25,replication,28.0,0.7451923076923077,0.38461538461538464,0.6956521739130435,0.6931818181818181,0.7,0.6363636363636364,0.75,0.6666666666666666,0.6590909090909091,7,3,9,4,0.07504105567932129,,,
LR,0,5,ica25,replication,28.0,0.75,0.3076923076923077,0.5217391304347826,0.5151515151515151,0.5333333333333333,0.6666666666666666,0.36363636363636365,0.5925925925925926,0.5681818181818181,8,7,4,4,0.07504105567932129,,,
LR,0,6,ica25,replication,28.0,0.7307692307692307,0.38461538461538464,0.6956521739130435,0.696969696969697,0.7272727272727273,0.6666666666666666,0.7272727272727273,0.6956521739130435,0.7272727272727273,8,3,8,4,0.07504105567932129,,,
LR,0,7,ica25,replication,28.0,0.75,0.38461538461538464,0.5652173913043478,0.5681818181818181,0.6,0.5,0.6363636363636364,0.5454545454545454,0.5984848484848485,6,4,7,6,0.07504105567932129,,,
LR,0,8,ica25,replication,28.0,0.7548076923076923,0.46153846153846156,0.5217391304347826,0.5265151515151515,0.5555555555555556,0.4166666666666667,0.6363636363636364,0.47619047619047616,0.5833333333333334,5,4,7,7,0.07504105567932129,,,
LR,0,9,ica25,replication,28.0,0.75,0.38461538461538464,0.6086956521739131,0.606060606060606,0.6153846153846154,0.6666666666666666,0.5454545454545454,0.64,0.6818181818181819,8,5,6,4,0.07504105567932129,,,
LR - age,0,0,ica25,replication,27.0,0.7342995169082126,0.3076923076923077,0.5,0.5,0.5,0.5833333333333334,0.4166666666666667,0.5384615384615384,0.4444444444444444,7,7,5,5,0.06891107559204102,,,
LR - age,0,1,ica25,replication,27.0,0.7211538461538461,0.38461538461538464,0.6086956521739131,0.6098484848484849,0.5833333333333334,0.6363636363636364,0.5833333333333334,0.6086956521739131,0.6212121212121212,7,5,7,4,0.06891107559204102,,,
LR - age,0,2,ica25,replication,27.0,0.6923076923076923,0.46153846153846156,0.7391304347826086,0.7348484848484849,0.7777777777777778,0.6363636363636364,0.8333333333333334,0.7,0.7803030303030303,7,2,10,4,0.06891107559204102,,,
LR - age,0,3,ica25,replication,27.0,0.7067307692307693,0.3076923076923077,0.7391304347826086,0.7386363636363636,0.7272727272727273,0.7272727272727273,0.75,0.7272727272727273,0.6515151515151516,8,3,9,3,0.06891107559204102,,,
LR - age,0,4,ica25,replication,27.0,0.7307692307692307,0.38461538461538464,0.6086956521739131,0.6098484848484849,0.5833333333333334,0.6363636363636364,0.5833333333333334,0.6086956521739131,0.6136363636363636,7,5,7,4,0.06891107559204102,,,
LR - age,0,5,ica25,replication,27.0,0.7163461538461539,0.3076923076923077,0.5217391304347826,0.5151515151515151,0.5333333333333333,0.6666666666666666,0.36363636363636365,0.5925925925925926,0.48484848484848486,8,7,4,4,0.06891107559204102,,,
LR - age,0,6,ica25,replication,27.0,0.7259615384615384,0.3076923076923077,0.6521739130434783,0.6553030303030303,0.7,0.5833333333333334,0.7272727272727273,0.6363636363636364,0.7348484848484849,7,3,8,5,0.06891107559204102,,,
LR - age,0,7,ica25,replication,27.0,0.7307692307692307,0.38461538461538464,0.4782608695652174,0.4772727272727273,0.5,0.5,0.45454545454545453,0.5,0.5454545454545454,6,6,5,6,0.06891107559204102,,,
LR - age,0,8,ica25,replication,27.0,0.75,0.38461538461538464,0.6086956521739131,0.6098484848484849,0.6363636363636364,0.5833333333333334,0.6363636363636364,0.6086956521739131,0.5303030303030303,7,4,7,5,0.06891107559204102,,,
LR - age,0,9,ica25,replication,27.0,0.7163461538461539,0.38461538461538464,0.6086956521739131,0.6098484848484849,0.6363636363636364,0.5833333333333334,0.6363636363636364,0.6086956521739131,0.6212121212121212,7,4,7,5,0.06891107559204102,,,
LR fMRI only,0,0,ica25,replication,25.0,0.6956521739130435,0.38461538461538464,0.5,0.5,0.5,0.5833333333333334,0.4166666666666667,0.5384615384615384,0.48611111111111116,7,7,5,5,0.0715019702911377,,,
LR fMRI only,0,1,ica25,replication,25.0,0.6778846153846154,0.38461538461538464,0.5652173913043478,0.5681818181818181,0.5384615384615384,0.6363636363636364,0.5,0.5833333333333334,0.5833333333333333,7,6,6,4,0.0715019702911377,,,
LR fMRI only,0,2,ica25,replication,25.0,0.7115384615384616,0.46153846153846156,0.6956521739130435,0.6893939393939394,0.75,0.5454545454545454,0.8333333333333334,0.631578947368421,0.75,6,2,10,5,0.0715019702911377,,,
LR fMRI only,0,3,ica25,replication,25.0,0.6778846153846154,0.3076923076923077,0.6956521739130435,0.6931818181818181,0.7,0.6363636363636364,0.75,0.6666666666666666,0.6666666666666666,7,3,9,4,0.0715019702911377,,,
LR fMRI only,0,4,ica25,replication,25.0,0.7019230769230769,0.38461538461538464,0.6086956521739131,0.6136363636363636,0.5714285714285714,0.7272727272727273,0.5,0.64,0.5757575757575757,8,6,6,3,0.0715019702911377,,,
LR fMRI only,0,5,ica25,replication,25.0,0.7355769230769231,0.3076923076923077,0.391304347826087,0.39015151515151514,0.4166666666666667,0.4166666666666667,0.36363636363636365,0.4166666666666667,0.48484848484848486,5,7,4,7,0.0715019702911377,,,
LR fMRI only,0,6,ica25,replication,25.0,0.7067307692307693,0.38461538461538464,0.6086956521739131,0.6136363636363636,0.6666666666666666,0.5,0.7272727272727273,0.5714285714285714,0.7045454545454546,6,3,8,6,0.0715019702911377,,,
LR fMRI only,0,7,ica25,replication,25.0,0.7019230769230769,0.38461538461538464,0.5652173913043478,0.5681818181818181,0.6,0.5,0.6363636363636364,0.5454545454545454,0.5454545454545455,6,4,7,6,0.0715019702911377,,,
LR fMRI only,0,8,ica25,replication,25.0,0.7451923076923077,0.46153846153846156,0.5217391304347826,0.5227272727272727,0.5454545454545454,0.5,0.5454545454545454,0.5217391304347826,0.5303030303030303,6,5,6,6,0.0715019702911377,,,
LR fMRI only,0,9,ica25,replication,25.0,0.7403846153846154,0.38461538461538464,0.6086956521739131,0.6098484848484849,0.6363636363636364,0.5833333333333334,0.6363636363636364,0.6086956521739131,0.6287878787878787,7,4,7,5,0.0715019702911377,,,
SVM-L,0,0,ica25,replication,28.0,0.7632850241545893,0.46153846153846156,0.5416666666666666,0.5416666666666667,0.5454545454545454,0.5,0.5833333333333334,0.5217391304347826,0.5138888888888888,6,5,7,6,0.9356579780578613,,,
SVM-L,0,1,ica25,replication,28.0,0.7307692307692307,0.38461538461538464,0.6521739130434783,0.6515151515151515,0.6363636363636364,0.6363636363636364,0.6666666666666666,0.6363636363636364,0.7196969696969697,7,4,8,4,0.9356579780578613,,,
SVM-L,0,2,ica25,replication,28.0,0.7259615384615384,0.46153846153846156,0.6521739130434783,0.6553030303030303,0.6153846153846154,0.7272727272727273,0.5833333333333334,0.6666666666666666,0.7348484848484849,8,5,7,3,0.9356579780578613,,,
SVM-L,0,3,ica25,replication,28.0,0.6778846153846154,0.38461538461538464,0.5217391304347826,0.5151515151515151,0.5,0.36363636363636365,0.6666666666666666,0.42105263157894735,0.7121212121212122,4,4,8,7,0.9356579780578613,,,
SVM-L,0,4,ica25,replication,28.0,0.7307692307692307,0.46153846153846156,0.6956521739130435,0.6931818181818181,0.7,0.6363636363636364,0.75,0.6666666666666666,0.6287878787878788,7,3,9,4,0.9356579780578613,,,
SVM-L,0,5,ica25,replication,28.0,0.7403846153846154,0.38461538461538464,0.6086956521739131,0.606060606060606,0.6153846153846154,0.6666666666666666,0.5454545454545454,0.64,0.5378787878787878,8,5,6,4,0.9356579780578613,,,
SVM-L,0,6,ica25,replication,28.0,0.6682692307692307,0.38461538461538464,0.6956521739130435,0.696969696969697,0.7272727272727273,0.6666666666666666,0.7272727272727273,0.6956521739130435,0.7651515151515151,8,3,8,4,0.9356579780578613,,,
SVM-L,0,7,ica25,replication,28.0,0.75,0.38461538461538464,0.6086956521739131,0.6136363636363636,0.6666666666666666,0.5,0.7272727272727273,0.5714285714285714,0.5909090909090908,6,3,8,6,0.9356579780578613,,,
SVM-L,0,8,ica25,replication,28.0,0.7596153846153846,0.46153846153846156,0.43478260869565216,0.4431818181818182,0.42857142857142855,0.25,0.6363636363636364,0.3157894736842105,0.5303030303030303,3,4,7,9,0.9356579780578613,,,
SVM-L,0,9,ica25,replication,28.0,0.7355769230769231,0.46153846153846156,0.5652173913043478,0.5643939393939394,0.5833333333333334,0.5833333333333334,0.5454545454545454,0.5833333333333334,0.6515151515151516,7,5,6,5,0.9356579780578613,,,
SVM-P,0,0,ica25,replication,28.0,0.8067632850241546,0.5384615384615384,0.3333333333333333,0.3333333333333333,0.3333333333333333,0.3333333333333333,0.3333333333333333,0.3333333333333333,0.35416666666666663,4,8,4,8,1.060819149017334,,,
SVM-P,0,1,ica25,replication,28.0,0.5048076923076923,0.46153846153846156,0.4782608695652174,0.5,0.4782608695652174,1.0,0.0,0.6470588235294118,0.6287878787878788,11,12,0,0,1.060819149017334,,,
SVM-P,0,2,ica25,replication,28.0,0.5048076923076923,0.46153846153846156,0.4782608695652174,0.5,0.4782608695652174,1.0,0.0,0.6470588235294118,0.5606060606060607,11,12,0,0,1.060819149017334,,,
SVM-P,0,3,ica25,replication,28.0,0.75,0.6153846153846154,0.43478260869565216,0.44696969696969696,0.4444444444444444,0.7272727272727273,0.16666666666666666,0.5517241379310345,0.3787878787878788,8,10,2,3,1.060819149017334,,,
SVM-P,0,4,ica25,replication,28.0,0.5048076923076923,0.46153846153846156,0.4782608695652174,0.5,0.4782608695652174,1.0,0.0,0.6470588235294118,0.2727272727272727,11,12,0,0,1.060819149017334,,,
SVM-P,0,5,ica25,replication,28.0,0.5192307692307693,0.5384615384615384,0.43478260869565216,0.45454545454545453,0.0,0.0,0.9090909090909091,0.0,0.4318181818181818,0,1,10,12,1.060819149017334,,,
SVM-P,0,6,ica25,replication,28.0,0.5240384615384616,0.5384615384615384,0.4782608695652174,0.4962121212121212,0.5,0.08333333333333333,0.9090909090909091,0.14285714285714285,0.49242424242424243,1,1,10,11,1.060819149017334,,,
SVM-P,0,7,ica25,replication,28.0,0.7692307692307693,0.7692307692307693,0.5217391304347826,0.5227272727272727,0.5454545454545454,0.5,0.5454545454545454,0.5217391304347826,0.6439393939393939,6,5,6,6,1.060819149017334,,,
SVM-P,0,8,ica25,replication,28.0,0.7644230769230769,0.6923076923076923,0.5217391304347826,0.5189393939393939,0.5384615384615384,0.5833333333333334,0.45454545454545453,0.56,0.446969696969697,7,6,5,5,1.060819149017334,,,
SVM-P,0,9,ica25,replication,28.0,0.5288461538461539,0.5384615384615384,0.43478260869565216,0.45454545454545453,0.0,0.0,0.9090909090909091,0.0,0.4318181818181818,0,1,10,12,1.060819149017334,,,
SVM-S,0,0,ica25,replication,28.0,0.714975845410628,0.5384615384615384,0.5,0.5,0.5,0.4166666666666667,0.5833333333333334,0.45454545454545453,0.4444444444444445,5,5,7,7,1.419492244720459,,,
SVM-S,0,1,ica25,replication,28.0,0.6875,0.5384615384615384,0.5652173913043478,0.5681818181818181,0.5384615384615384,0.6363636363636364,0.5,0.5833333333333334,0.7272727272727273,7,6,6,4,1.419492244720459,,,
SVM-S,0,2,ica25,replication,28.0,0.6298076923076923,0.5384615384615384,0.8260869565217391,0.8295454545454546,0.7692307692307693,0.9090909090909091,0.75,0.8333333333333334,0.803030303030303,10,3,9,1,1.419492244720459,,,
SVM-S,0,3,ica25,replication,28.0,0.6778846153846154,0.38461538461538464,0.6521739130434783,0.6477272727272727,0.6666666666666666,0.5454545454545454,0.75,0.6,0.696969696969697,6,3,9,5,1.419492244720459,,,
SVM-S,0,4,ica25,replication,28.0,0.6346153846153846,0.5384615384615384,0.43478260869565216,0.4318181818181818,0.4,0.36363636363636365,0.5,0.38095238095238093,0.5,4,6,6,7,1.419492244720459,,,
SVM-S,0,5,ica25,replication,28.0,0.7067307692307693,0.5384615384615384,0.6956521739130435,0.696969696969697,0.7272727272727273,0.6666666666666666,0.7272727272727273,0.6956521739130435,0.7196969696969697,8,3,8,4,1.419492244720459,,,
SVM-S,0,6,ica25,replication,28.0,0.6634615384615384,0.46153846153846156,0.5217391304347826,0.5265151515151515,0.5555555555555556,0.4166666666666667,0.6363636363636364,0.47619047619047616,0.5606060606060606,5,4,7,7,1.419492244720459,,,
SVM-S,0,7,ica25,replication,28.0,0.6682692307692307,0.46153846153846156,0.5652173913043478,0.5643939393939394,0.5833333333333334,0.5833333333333334,0.5454545454545454,0.5833333333333334,0.5378787878787878,7,5,6,5,1.419492244720459,,,
SVM-S,0,8,ica25,replication,28.0,0.6923076923076923,0.5384615384615384,0.6521739130434783,0.6553030303030303,0.7,0.5833333333333334,0.7272727272727273,0.6363636363636364,0.7878787878787878,7,3,8,5,1.419492244720459,,,
SVM-S,0,9,ica25,replication,28.0,0.6586538461538461,0.46153846153846156,0.6086956521739131,0.606060606060606,0.6153846153846154,0.6666666666666666,0.5454545454545454,0.64,0.6969696969696969,8,5,6,4,1.419492244720459,,,
SVM-RB,0,0,ica25,replication,28.0,0.7584541062801933,0.5384615384615384,0.4583333333333333,0.45833333333333337,0.4444444444444444,0.3333333333333333,0.5833333333333334,0.38095238095238093,0.48611111111111116,4,5,7,8,2.015197992324829,,,
SVM-RB,0,1,ica25,replication,28.0,0.6682692307692307,0.5384615384615384,0.6956521739130435,0.696969696969697,0.6666666666666666,0.7272727272727273,0.6666666666666666,0.6956521739130435,0.7575757575757576,8,4,8,3,2.015197992324829,,,
SVM-RB,0,2,ica25,replication,28.0,0.8557692307692307,0.6923076923076923,0.5652173913043478,0.571969696969697,0.5333333333333333,0.7272727272727273,0.4166666666666667,0.6153846153846154,0.7045454545454546,8,7,5,3,2.015197992324829,,,
SVM-RB,0,3,ica25,replication,28.0,0.7067307692307693,0.46153846153846156,0.6086956521739131,0.5984848484848485,0.6666666666666666,0.36363636363636365,0.8333333333333334,0.47058823529411764,0.7196969696969697,4,2,10,7,2.015197992324829,,,
SVM-RB,0,4,ica25,replication,28.0,0.8317307692307693,0.46153846153846156,0.6521739130434783,0.6477272727272727,0.6666666666666666,0.5454545454545454,0.75,0.6,0.6439393939393939,6,3,9,5,2.015197992324829,,,
SVM-RB,0,5,ica25,replication,28.0,0.8413461538461539,0.46153846153846156,0.5217391304347826,0.5151515151515151,0.5333333333333333,0.6666666666666666,0.36363636363636365,0.5925925925925926,0.6287878787878788,8,7,4,4,2.015197992324829,,,
SVM-RB,0,6,ica25,replication,28.0,0.7163461538461539,0.46153846153846156,0.6086956521739131,0.6136363636363636,0.6666666666666666,0.5,0.7272727272727273,0.5714285714285714,0.7651515151515151,6,3,8,6,2.015197992324829,,,
SVM-RB,0,7,ica25,replication,28.0,0.8413461538461539,0.38461538461538464,0.5217391304347826,0.5227272727272727,0.5454545454545454,0.5,0.5454545454545454,0.5217391304347826,0.6136363636363636,6,5,6,6,2.015197992324829,,,
SVM-RB,0,8,ica25,replication,28.0,0.7211538461538461,0.6153846153846154,0.5652173913043478,0.5681818181818181,0.6,0.5,0.6363636363636364,0.5454545454545454,0.6136363636363636,6,4,7,6,2.015197992324829,,,
SVM-RB,0,9,ica25,replication,28.0,0.7067307692307693,0.46153846153846156,0.6086956521739131,0.606060606060606,0.6153846153846154,0.6666666666666666,0.5454545454545454,0.64,0.6742424242424242,8,5,6,4,2.015197992324829,,,
Demo only,0,0,ica25,extension,3.0,0.6231884057971014,0.6153846153846154,0.5,0.5,0.5,0.5,0.5,0.5,0.5069444444444444,6,6,6,6,0.0954129695892334,,,
Demo only,0,1,ica25,extension,3.0,0.5913461538461539,0.6923076923076923,0.7391304347826086,0.7386363636363636,0.7272727272727273,0.7272727272727273,0.75,0.7272727272727273,0.7727272727272727,8,3,9,3,0.0954129695892334,,,
Demo only,0,2,ica25,extension,3.0,0.6153846153846154,0.6153846153846154,0.5217391304347826,0.5265151515151515,0.5,0.6363636363636364,0.4166666666666667,0.56,0.6363636363636364,7,7,5,4,0.0954129695892334,,,
Demo only,0,3,ica25,extension,3.0,0.6057692307692307,0.6923076923076923,0.6521739130434783,0.6515151515151515,0.6363636363636364,0.6363636363636364,0.6666666666666666,0.6363636363636364,0.6590909090909091,7,4,8,4,0.0954129695892334,,,
Demo only,0,4,ica25,extension,3.0,0.6201923076923077,0.6923076923076923,0.5217391304347826,0.5265151515151515,0.5,0.6363636363636364,0.4166666666666667,0.56,0.6439393939393939,7,7,5,4,0.0954129695892334,,,
Demo only,0,5,ica25,extension,3.0,0.5961538461538461,0.5384615384615384,0.6086956521739131,0.6022727272727273,0.6,0.75,0.45454545454545453,0.6666666666666666,0.6363636363636364,9,6,5,3,0.0954129695892334,,,
Demo only,0,6,ica25,extension,3.0,0.5961538461538461,0.6153846153846154,0.6521739130434783,0.6515151515151515,0.6666666666666666,0.6666666666666666,0.6363636363636364,0.6666666666666666,0.6590909090909092,8,4,7,4,0.0954129695892334,,,
Demo only,0,7,ica25,extension,3.0,0.6057692307692307,0.6153846153846154,0.5652173913043478,0.5681818181818181,0.6,0.5,0.6363636363636364,0.5454545454545454,0.5757575757575758,6,4,7,6,0.0954129695892334,,,
Demo only,0,8,ica25,extension,3.0,0.6201923076923077,0.6153846153846154,0.43478260869565216,0.4318181818181818,0.46153846153846156,0.5,0.36363636363636365,0.48,0.49242424242424243,6,7,4,6,0.0954129695892334,,,
Demo only,0,9,ica25,extension,3.0,0.6105769230769231,0.6153846153846154,0.5217391304347826,0.5189393939393939,0.5384615384615384,0.5833333333333334,0.45454545454545453,0.56,0.6590909090909091,7,6,5,5,0.0954129695892334,,,
Age only,0,0,ica25,extension,1.0,0.6086956521739131,0.6923076923076923,0.6666666666666666,0.6666666666666667,0.625,0.8333333333333334,0.5,0.7142857142857143,0.5833333333333333,10,6,6,2,0.10624408721923828,,,
Age only,0,1,ica25,extension,1.0,0.6153846153846154,0.6923076923076923,0.6521739130434783,0.6515151515151515,0.6363636363636364,0.6363636363636364,0.6666666666666666,0.6363636363636364,0.7424242424242424,7,4,8,4,0.10624408721923828,,,
Age only,0,2,ica25,extension,1.0,0.6201923076923077,0.6923076923076923,0.5652173913043478,0.571969696969697,0.5333333333333333,0.7272727272727273,0.4166666666666667,0.6153846153846154,0.6098484848484848,8,7,5,3,0.10624408721923828,,,
Age only,0,3,ica25,extension,1.0,0.6057692307692307,0.6923076923076923,0.6521739130434783,0.6477272727272727,0.6666666666666666,0.5454545454545454,0.75,0.6,0.6931818181818181,6,3,9,5,0.10624408721923828,,,
Age only,0,4,ica25,extension,1.0,0.6201923076923077,0.6923076923076923,0.6086956521739131,0.6136363636363636,0.5714285714285714,0.7272727272727273,0.5,0.64,0.6818181818181818,8,6,6,3,0.10624408721923828,,,
Age only,0,5,ica25,extension,1.0,0.6153846153846154,0.6923076923076923,0.5652173913043478,0.5568181818181819,0.5625,0.75,0.36363636363636365,0.6428571428571429,0.6515151515151515,9,7,4,3,0.10624408721923828,,,
Age only,0,6,ica25,extension,1.0,0.6057692307692307,0.6923076923076923,0.6086956521739131,0.606060606060606,0.6153846153846154,0.6666666666666666,0.5454545454545454,0.64,0.5833333333333333,8,5,6,4,0.10624408721923828,,,
Age only,0,7,ica25,extension,1.0,0.6057692307692307,0.6923076923076923,0.6086956521739131,0.6136363636363636,0.6666666666666666,0.5,0.7272727272727273,0.5714285714285714,0.5378787878787878,6,3,8,6,0.10624408721923828,,,
Age only,0,8,ica25,extension,1.0,0.625,0.6923076923076923,0.4782608695652174,0.4772727272727273,0.5,0.5,0.45454545454545453,0.5,0.49242424242424243,6,6,5,6,0.10624408721923828,,,
Age only,0,9,ica25,extension,1.0,0.6009615384615384,0.6923076923076923,0.6956521739130435,0.6931818181818181,0.6923076923076923,0.75,0.6363636363636364,0.72,0.7121212121212122,9,4,7,3,0.10624408721923828,,,
FC-LR,0,0,ica25,extension,303.0,0.8840579710144928,0.6923076923076923,0.7083333333333334,0.7083333333333333,0.6923076923076923,0.75,0.6666666666666666,0.72,0.7708333333333333,9,4,8,3,1.340721845626831,,,
FC-LR,0,1,ica25,extension,303.0,0.7403846153846154,0.5384615384615384,0.5652173913043478,0.5643939393939394,0.5454545454545454,0.5454545454545454,0.5833333333333334,0.5454545454545454,0.5984848484848485,6,5,7,5,1.340721845626831,,,
FC-LR,0,2,ica25,extension,303.0,0.75,0.6153846153846154,0.6521739130434783,0.6477272727272727,0.6666666666666666,0.5454545454545454,0.75,0.6,0.6060606060606061,6,3,9,5,1.340721845626831,,,
FC-LR,0,3,ica25,extension,303.0,0.8894230769230769,0.6923076923076923,0.5652173913043478,0.5757575757575758,0.5294117647058824,0.8181818181818182,0.3333333333333333,0.6428571428571429,0.696969696969697,9,8,4,2,1.340721845626831,,,
FC-LR,0,4,ica25,extension,303.0,0.8653846153846154,0.7692307692307693,0.4782608695652174,0.48863636363636365,0.47058823529411764,0.7272727272727273,0.25,0.5714285714285714,0.6666666666666666,8,9,3,3,1.340721845626831,,,
FC-LR,0,5,ica25,extension,303.0,0.8557692307692307,0.6153846153846154,0.6086956521739131,0.6098484848484849,0.6363636363636364,0.5833333333333334,0.6363636363636364,0.6086956521739131,0.6818181818181819,7,4,7,5,1.340721845626831,,,
FC-LR,0,6,ica25,extension,303.0,0.6682692307692307,0.5384615384615384,0.6956521739130435,0.696969696969697,0.7272727272727273,0.6666666666666666,0.7272727272727273,0.6956521739130435,0.7651515151515151,8,3,8,4,1.340721845626831,,,
FC-LR,0,7,ica25,extension,303.0,1.0,0.7692307692307693,0.6521739130434783,0.6515151515151515,0.6666666666666666,0.6666666666666666,0.6363636363636364,0.6666666666666666,0.7424242424242424,8,4,7,4,1.340721845626831,,,
FC-LR,0,8,ica25,extension,303.0,1.0,0.7692307692307693,0.7391304347826086,0.7424242424242424,0.8,0.6666666666666666,0.8181818181818182,0.7272727272727273,0.7424242424242424,8,2,9,4,1.340721845626831,,,
FC-LR,0,9,ica25,extension,303.0,0.875,0.6153846153846154,0.4782608695652174,0.48484848484848486,0.5,0.3333333333333333,0.6363636363636364,0.4,0.5833333333333334,4,4,7,8,1.340721845626831,,,
FC-LR - age,0,0,ica25,extension,302.0,0.8647342995169082,0.6923076923076923,0.6666666666666666,0.6666666666666666,0.6666666666666666,0.6666666666666666,0.6666666666666666,0.6666666666666666,0.736111111111111,8,4,8,4,1.6076979637145996,,,
FC-LR - age,0,1,ica25,extension,302.0,0.7307692307692307,0.5384615384615384,0.5652173913043478,0.5643939393939394,0.5454545454545454,0.5454545454545454,0.5833333333333334,0.5454545454545454,0.5984848484848485,6,5,7,5,1.6076979637145996,,,
FC-LR - age,0,2,ica25,extension,302.0,0.7259615384615384,0.6153846153846154,0.6521739130434783,0.6477272727272727,0.6666666666666666,0.5454545454545454,0.75,0.6,0.6136363636363636,6,3,9,5,1.6076979637145996,,,
FC-LR - age,0,3,ica25,extension,302.0,0.8798076923076923,0.6153846153846154,0.5217391304347826,0.5340909090909092,0.5,0.8181818181818182,0.25,0.6206896551724138,0.7196969696969697,9,9,3,2,1.6076979637145996,,,
FC-LR - age,0,4,ica25,extension,302.0,0.8461538461538461,0.7692307692307693,0.5217391304347826,0.5340909090909092,0.5,0.8181818181818182,0.25,0.6206896551724138,0.6590909090909091,9,9,3,2,1.6076979637145996,,,
FC-LR - age,0,5,ica25,extension,302.0,0.8653846153846154,0.6153846153846154,0.6086956521739131,0.6098484848484849,0.6363636363636364,0.5833333333333334,0.6363636363636364,0.6086956521739131,0.6742424242424243,7,4,7,5,1.6076979637145996,,,
FC-LR - age,0,6,ica25,extension,302.0,0.6634615384615384,0.5384615384615384,0.7391304347826086,0.7386363636363636,0.75,0.75,0.7272727272727273,0.75,0.7727272727272727,9,3,8,3,1.6076979637145996,,,
FC-LR - age,0,7,ica25,extension,302.0,0.8605769230769231,0.6923076923076923,0.6956521739130435,0.696969696969697,0.7272727272727273,0.6666666666666666,0.7272727272727273,0.6956521739130435,0.856060606060606,8,3,8,4,1.6076979637145996,,,
FC-LR - age,0,8,ica25,extension,302.0,1.0,0.7692307692307693,0.7391304347826086,0.7424242424242424,0.8,0.6666666666666666,0.8181818181818182,0.7272727272727273,0.7424242424242424,8,2,9,4,1.6076979637145996,,,
FC-LR - age,0,9,ica25,extension,302.0,0.8701923076923077,0.6153846153846154,0.4782608695652174,0.48484848484848486,0.5,0.3333333333333333,0.6363636363636364,0.4,0.5606060606060606,4,4,7,8,1.6076979637145996,,,
FC-LR fMRI only,0,0,ica25,extension,300.0,0.8599033816425121,0.6923076923076923,0.7083333333333334,0.7083333333333333,0.6923076923076923,0.75,0.6666666666666666,0.72,0.7291666666666666,9,4,8,3,1.3516240119934082,,,
FC-LR fMRI only,0,1,ica25,extension,300.0,0.7259615384615384,0.5384615384615384,0.5652173913043478,0.5643939393939394,0.5454545454545454,0.5454545454545454,0.5833333333333334,0.5454545454545454,0.5833333333333334,6,5,7,5,1.3516240119934082,,,
FC-LR fMRI only,0,2,ica25,extension,300.0,0.7307692307692307,0.6153846153846154,0.6521739130434783,0.6477272727272727,0.6666666666666666,0.5454545454545454,0.75,0.6,0.6136363636363636,6,3,9,5,1.3516240119934082,,,
FC-LR fMRI only,0,3,ica25,extension,300.0,0.8653846153846154,0.6153846153846154,0.4782608695652174,0.48863636363636365,0.47058823529411764,0.7272727272727273,0.25,0.5714285714285714,0.6818181818181818,8,9,3,3,1.3516240119934082,,,
FC-LR fMRI only,0,4,ica25,extension,300.0,0.8461538461538461,0.6923076923076923,0.4782608695652174,0.48863636363636365,0.47058823529411764,0.7272727272727273,0.25,0.5714285714285714,0.6590909090909091,8,9,3,3,1.3516240119934082,,,
FC-LR fMRI only,0,5,ica25,extension,300.0,0.8557692307692307,0.6153846153846154,0.6521739130434783,0.6515151515151515,0.6666666666666666,0.6666666666666666,0.6363636363636364,0.6666666666666666,0.7045454545454546,8,4,7,4,1.3516240119934082,,,
FC-LR fMRI only,0,6,ica25,extension,300.0,0.6634615384615384,0.5384615384615384,0.7391304347826086,0.7386363636363636,0.75,0.75,0.7272727272727273,0.75,0.7651515151515151,9,3,8,3,1.3516240119934082,,,
FC-LR fMRI only,0,7,ica25,extension,300.0,0.8509615384615384,0.6923076923076923,0.6956521739130435,0.696969696969697,0.7272727272727273,0.6666666666666666,0.7272727272727273,0.6956521739130435,0.8257575757575757,8,3,8,4,1.3516240119934082,,,
FC-LR fMRI only,0,8,ica25,extension,300.0,0.8413461538461539,0.6923076923076923,0.7391304347826086,0.7386363636363636,0.75,0.75,0.7272727272727273,0.75,0.8484848484848484,9,3,8,3,1.3516240119934082,,,
FC-LR fMRI only,0,9,ica25,extension,300.0,0.8605769230769231,0.6153846153846154,0.43478260869565216,0.43939393939393934,0.4444444444444444,0.3333333333333333,0.5454545454545454,0.38095238095238093,0.5681818181818181,4,5,6,8,1.3516240119934082,,,
FC-SVM-L,0,0,ica25,extension,303.0,0.9130434782608695,0.7692307692307693,0.7083333333333334,0.7083333333333333,0.7272727272727273,0.6666666666666666,0.75,0.6956521739130435,0.8125,8,3,9,4,0.9809918403625488,,,
FC-SVM-L,0,1,ica25,extension,303.0,0.9230769230769231,0.6923076923076923,0.6521739130434783,0.6439393939393939,0.7142857142857143,0.45454545454545453,0.8333333333333334,0.5555555555555556,0.75,5,2,10,6,0.9809918403625488,,,
FC-SVM-L,0,2,ica25,extension,303.0,0.9086538461538461,0.6153846153846154,0.6956521739130435,0.6931818181818181,0.7,0.6363636363636364,0.75,0.6666666666666666,0.6893939393939393,7,3,9,4,0.9809918403625488,,,
FC-SVM-L,0,3,ica25,extension,303.0,0.9230769230769231,0.7692307692307693,0.5217391304347826,0.5265151515151515,0.5,0.6363636363636364,0.4166666666666667,0.56,0.6287878787878788,7,7,5,4,0.9809918403625488,,,
FC-SVM-L,0,4,ica25,extension,303.0,0.8990384615384616,0.7692307692307693,0.5217391304347826,0.5340909090909092,0.5,0.8181818181818182,0.25,0.6206896551724138,0.5909090909090909,9,9,3,2,0.9809918403625488,,,
FC-SVM-L,0,5,ica25,extension,303.0,0.9182692307692307,0.7692307692307693,0.6956521739130435,0.6931818181818181,0.6923076923076923,0.75,0.6363636363636364,0.72,0.6818181818181818,9,4,7,3,0.9809918403625488,,,
FC-SVM-L,0,6,ica25,extension,303.0,0.9230769230769231,0.7692307692307693,0.6086956521739131,0.6136363636363636,0.6666666666666666,0.5,0.7272727272727273,0.5714285714285714,0.6590909090909092,6,3,8,6,0.9809918403625488,,,
FC-SVM-L,0,7,ica25,extension,303.0,0.9375,0.7692307692307693,0.6521739130434783,0.6515151515151515,0.6666666666666666,0.6666666666666666,0.6363636363636364,0.6666666666666666,0.7196969696969696,8,4,7,4,0.9809918403625488,,,
FC-SVM-L,0,8,ica25,extension,303.0,0.9230769230769231,0.7692307692307693,0.7391304347826086,0.7424242424242424,0.8,0.6666666666666666,0.8181818181818182,0.7272727272727273,0.7727272727272728,8,2,9,4,0.9809918403625488,,,
FC-SVM-L,0,9,ica25,extension,303.0,0.9471153846153846,0.6153846153846154,0.5217391304347826,0.5227272727272727,0.5454545454545454,0.5,0.5454545454545454,0.5217391304347826,0.5606060606060606,6,5,6,6,0.9809918403625488,,,
FC + Demo fusion,0,0,ica25,extension,303.0,0.8647342995169082,0.7692307692307693,0.6666666666666666,0.6666666666666667,0.7,0.5833333333333334,0.75,0.6363636363636364,0.7569444444444444,7,3,9,5,0.9999830722808838,,,
FC + Demo fusion,0,1,ica25,extension,303.0,0.6923076923076923,0.8461538461538461,0.6956521739130435,0.696969696969697,0.6666666666666666,0.7272727272727273,0.6666666666666666,0.6956521739130435,0.8030303030303031,8,4,8,3,0.9999830722808838,,,
FC + Demo fusion,0,2,ica25,extension,303.0,0.7163461538461539,0.8461538461538461,0.6086956521739131,0.6174242424242424,0.5625,0.8181818181818182,0.4166666666666667,0.6666666666666666,0.6363636363636364,9,7,5,2,0.9999830722808838,,,
FC + Demo fusion,0,3,ica25,extension,303.0,0.8701923076923077,0.7692307692307693,0.6086956521739131,0.6136363636363636,0.5714285714285714,0.7272727272727273,0.5,0.64,0.7121212121212122,8,6,6,3,0.9999830722808838,,,
FC + Demo fusion,0,4,ica25,extension,303.0,0.8605769230769231,0.7692307692307693,0.6956521739130435,0.7007575757575758,0.6428571428571429,0.8181818181818182,0.5833333333333334,0.72,0.7803030303030303,9,5,7,2,0.9999830722808838,,,
FC + Demo fusion,0,5,ica25,extension,303.0,0.8605769230769231,0.7692307692307693,0.6086956521739131,0.606060606060606,0.6153846153846154,0.6666666666666666,0.5454545454545454,0.64,0.6893939393939394,8,5,6,4,0.9999830722808838,,,
FC + Demo fusion,0,6,ica25,extension,303.0,0.6201923076923077,0.6923076923076923,0.6521739130434783,0.6515151515151515,0.6666666666666666,0.6666666666666666,0.6363636363636364,0.6666666666666666,0.6893939393939394,8,4,7,4,0.9999830722808838,,,
FC + Demo fusion,0,7,ica25,extension,303.0,0.8509615384615384,0.7692307692307693,0.6956521739130435,0.6931818181818181,0.6923076923076923,0.75,0.6363636363636364,0.72,0.7954545454545454,9,4,7,3,0.9999830722808838,,,
FC + Demo fusion,0,8,ica25,extension,303.0,0.8221153846153846,0.7692307692307693,0.6956521739130435,0.696969696969697,0.7272727272727273,0.6666666666666666,0.7272727272727273,0.6956521739130435,0.8106060606060606,8,3,8,4,0.9999830722808838,,,
FC + Demo fusion,0,9,ica25,extension,303.0,0.875,0.6153846153846154,0.5652173913043478,0.5643939393939394,0.5833333333333334,0.5833333333333334,0.5454545454545454,0.5833333333333334,0.6363636363636365,7,5,6,5,0.9999830722808838,,,
R,0,0,ica25,deep,,0.4975845410628019,0.5384615384615384,0.5,0.5,0.5,0.16666666666666666,0.8333333333333334,0.25,0.6180555555555556,2,2,10,10,73.02509593963623,30.0,1.0,max_epochs
R,0,1,ica25,deep,,0.5480769230769231,0.6923076923076923,0.5217391304347826,0.5303030303030303,0.5,0.7272727272727273,0.3333333333333333,0.5925925925925926,0.4545454545454546,8,8,4,3,73.02509593963623,30.0,24.0,max_epochs
R,0,2,ica25,deep,,0.5144230769230769,0.5384615384615384,0.43478260869565216,0.4507575757575758,0.45,0.8181818181818182,0.08333333333333333,0.5806451612903226,0.5833333333333334,9,11,1,2,73.02509593963623,30.0,1.0,max_epochs
R,0,3,ica25,deep,,0.4807692307692308,0.7692307692307693,0.6086956521739131,0.5946969696969697,0.75,0.2727272727272727,0.9166666666666666,0.4,0.7272727272727273,3,1,11,8,73.02509593963623,30.0,1.0,max_epochs
R,0,4,ica25,deep,,0.5240384615384616,0.6153846153846154,0.2608695652173913,0.26515151515151514,0.2857142857142857,0.36363636363636365,0.16666666666666666,0.32,0.2803030303030303,4,10,2,7,73.02509593963623,30.0,25.0,max_epochs
R,0,5,ica25,deep,,0.4855769230769231,0.7692307692307693,0.43478260869565216,0.44696969696969696,0.4,0.16666666666666666,0.7272727272727273,0.23529411764705882,0.4545454545454545,2,3,8,10,73.02509593963623,30.0,1.0,max_epochs
R,0,6,ica25,deep,,0.6009615384615384,0.6153846153846154,0.6086956521739131,0.6022727272727273,0.6,0.75,0.45454545454545453,0.6666666666666666,0.5606060606060607,9,6,5,3,73.02509593963623,15.0,15.0,converged
R,0,7,ica25,deep,,0.5096153846153846,0.5384615384615384,0.34782608695652173,0.34090909090909094,0.4,0.5,0.18181818181818182,0.4444444444444444,0.36363636363636365,6,9,2,6,73.02509593963623,30.0,1.0,max_epochs
R,0,8,ica25,deep,,0.5192307692307693,0.6153846153846154,0.5652173913043478,0.5643939393939394,0.5833333333333334,0.5833333333333334,0.5454545454545454,0.5833333333333334,0.5984848484848485,7,5,6,5,73.02509593963623,30.0,1.0,max_epochs
R,0,9,ica25,deep,,0.47115384615384615,0.46153846153846156,0.6086956521739131,0.6136363636363636,0.6666666666666666,0.5,0.7272727272727273,0.5714285714285714,0.7651515151515151,6,3,8,6,73.02509593963623,30.0,1.0,max_epochs
R+N,0,0,ica25,deep,,0.5845410628019324,0.6153846153846154,0.5416666666666666,0.5416666666666666,0.5294117647058824,0.75,0.3333333333333333,0.6206896551724138,0.6666666666666666,9,8,4,3,40.2356390953064,16.0,13.0,diverging
R+N,0,1,ica25,deep,,0.6009615384615384,0.6153846153846154,0.391304347826087,0.4015151515151515,0.4117647058823529,0.6363636363636364,0.16666666666666666,0.5,0.3409090909090909,7,10,2,4,40.2356390953064,16.0,16.0,converged
R+N,0,2,ica25,deep,,0.4951923076923077,0.6153846153846154,0.4782608695652174,0.4583333333333333,0.0,0.0,0.9166666666666666,0.0,0.5757575757575758,0,1,11,11,40.2356390953064,19.0,14.0,diverging
R+N,0,3,ica25,deep,,0.6201923076923077,0.6153846153846154,0.5217391304347826,0.5303030303030303,0.5,0.7272727272727273,0.3333333333333333,0.5925925925925926,0.5984848484848485,8,8,4,3,40.2356390953064,18.0,18.0,converged
R+N,0,4,ica25,deep,,0.5048076923076923,0.46153846153846156,0.4782608695652174,0.5,0.4782608695652174,1.0,0.0,0.6470588235294118,0.38636363636363635,11,12,0,0,40.2356390953064,25.0,1.0,diverging
R+N,0,5,ica25,deep,,0.625,0.6153846153846154,0.6086956521739131,0.5984848484848485,0.5882352941176471,0.8333333333333334,0.36363636363636365,0.6896551724137931,0.6590909090909091,10,7,4,2,40.2356390953064,20.0,20.0,converged
R+N,0,6,ica25,deep,,0.5576923076923077,0.5384615384615384,0.43478260869565216,0.4242424242424242,0.47058823529411764,0.6666666666666666,0.18181818181818182,0.5517241379310345,0.5,8,9,2,4,40.2356390953064,17.0,10.0,diverging
R+N,0,7,ica25,deep,,0.5528846153846154,0.7692307692307693,0.43478260869565216,0.4318181818181818,0.46153846153846156,0.5,0.36363636363636365,0.48,0.4015151515151515,6,7,4,6,40.2356390953064,21.0,11.0,diverging
R+N,0,8,ica25,deep,,0.5240384615384616,0.38461538461538464,0.4782608695652174,0.4583333333333333,0.5,0.9166666666666666,0.0,0.6470588235294118,0.4318181818181819,11,11,0,1,40.2356390953064,22.0,1.0,diverging
R+N,0,9,ica25,deep,,0.6009615384615384,0.6153846153846154,0.6521739130434783,0.6590909090909092,0.75,0.5,0.8181818181818182,0.6,0.7575757575757576,6,2,9,6,40.2356390953064,15.0,15.0,converged
C+N,0,0,ica25,deep,,0.9130434782608695,0.7692307692307693,0.4583333333333333,0.45833333333333337,0.46153846153846156,0.5,0.4166666666666667,0.48,0.3402777777777778,6,7,5,6,3.2299118041992188,5.0,4.0,diverging
C+N,0,1,ica25,deep,,0.6394230769230769,0.5384615384615384,0.43478260869565216,0.42045454545454547,0.25,0.09090909090909091,0.75,0.13333333333333333,0.41666666666666663,1,3,9,10,3.2299118041992188,5.0,1.0,diverging
C+N,0,2,ica25,deep,,0.8557692307692307,0.7692307692307693,0.34782608695652173,0.3484848484848485,0.3333333333333333,0.36363636363636365,0.3333333333333333,0.34782608695652173,0.30303030303030304,4,8,4,7,3.2299118041992188,5.0,3.0,diverging
C+N,0,3,ica25,deep,,0.5865384615384616,0.38461538461538464,0.391304347826087,0.3787878787878788,0.2,0.09090909090909091,0.6666666666666666,0.125,0.3712121212121212,1,4,8,10,3.2299118041992188,5.0,1.0,diverging
C+N,0,4,ica25,deep,,0.5961538461538461,0.6153846153846154,0.43478260869565216,0.43939393939393934,0.42857142857142855,0.5454545454545454,0.3333333333333333,0.48,0.38636363636363635,6,8,4,5,3.2299118041992188,5.0,1.0,diverging
C+N,0,5,ica25,deep,,0.6394230769230769,0.46153846153846156,0.5217391304347826,0.5075757575757576,0.5263157894736842,0.8333333333333334,0.18181818181818182,0.6451612903225806,0.6136363636363636,10,9,2,2,3.2299118041992188,5.0,1.0,diverging
C+N,0,6,ica25,deep,,0.9182692307692307,0.8461538461538461,0.391304347826087,0.39015151515151514,0.4166666666666667,0.4166666666666667,0.36363636363636365,0.4166666666666667,0.43181818181818177,5,7,4,7,3.2299118041992188,5.0,5.0,converged
C+N,0,7,ica25,deep,,0.8846153846153846,0.6153846153846154,0.6086956521739131,0.6098484848484849,0.6363636363636364,0.5833333333333334,0.6363636363636364,0.6086956521739131,0.537878787878788,7,4,7,5,3.2299118041992188,5.0,3.0,diverging
C+N,0,8,ica25,deep,,0.8798076923076923,0.5384615384615384,0.5652173913043478,0.5606060606060606,0.5714285714285714,0.6666666666666666,0.45454545454545453,0.6153846153846154,0.4772727272727273,8,6,5,4,3.2299118041992188,5.0,5.0,diverging
C+N,0,9,ica25,deep,,0.7884615384615384,0.5384615384615384,0.6521739130434783,0.6439393939393939,0.625,0.8333333333333334,0.45454545454545453,0.7142857142857143,0.6363636363636364,10,6,5,2,3.2299118041992188,5.0,3.0,diverging
C+R+N,0,0,ica25,deep,,0.5072463768115942,0.6153846153846154,0.4166666666666667,0.41666666666666663,0.42857142857142855,0.5,0.3333333333333333,0.46153846153846156,0.4027777777777778,6,8,4,6,18.690689086914062,10.0,1.0,diverging
C+R+N,0,1,ica25,deep,,0.5384615384615384,0.6153846153846154,0.5652173913043478,0.5454545454545454,1.0,0.09090909090909091,1.0,0.16666666666666666,0.5378787878787878,1,0,12,10,18.690689086914062,14.0,10.0,diverging
C+R+N,0,2,ica25,deep,,0.6682692307692307,0.5384615384615384,0.43478260869565216,0.4507575757575758,0.45,0.8181818181818182,0.08333333333333333,0.5806451612903226,0.5151515151515151,9,11,1,2,18.690689086914062,9.0,9.0,diverging
C+R+N,0,3,ica25,deep,,0.6442307692307693,0.6923076923076923,0.6086956521739131,0.5946969696969697,0.75,0.2727272727272727,0.9166666666666666,0.4,0.5681818181818182,3,1,11,8,18.690689086914062,18.0,18.0,converged
C+R+N,0,4,ica25,deep,,0.6346153846153846,0.6153846153846154,0.43478260869565216,0.4242424242424242,0.3333333333333333,0.18181818181818182,0.6666666666666666,0.23529411764705882,0.4166666666666667,2,4,8,9,18.690689086914062,7.0,7.0,converged
C+R+N,0,5,ica25,deep,,0.5336538461538461,0.5384615384615384,0.4782608695652174,0.4583333333333333,0.5,0.9166666666666666,0.0,0.6470588235294118,0.5530303030303031,11,11,0,1,18.690689086914062,12.0,8.0,diverging
C+R+N,0,6,ica25,deep,,0.5528846153846154,0.6153846153846154,0.4782608695652174,0.5,0.0,0.0,1.0,0.0,0.41666666666666663,0,0,11,12,18.690689086914062,6.0,3.0,diverging
C+R+N,0,7,ica25,deep,,0.5,0.5384615384615384,0.4782608695652174,0.5,0.0,0.0,1.0,0.0,0.3257575757575758,0,0,11,12,18.690689086914062,16.0,1.0,diverging
C+R+N,0,8,ica25,deep,,0.5576923076923077,0.38461538461538464,0.43478260869565216,0.43939393939393934,0.4444444444444444,0.3333333333333333,0.5454545454545454,0.38095238095238093,0.40909090909090906,4,5,6,8,18.690689086914062,7.0,3.0,diverging
C+R+N,0,9,ica25,deep,,0.5,0.5384615384615384,0.4782608695652174,0.5,0.0,0.0,1.0,0.0,0.40909090909090906,0,0,11,12,18.690689086914062,13.0,1.0,diverging
C+R+N+demo,0,0,ica25,deep,,0.6280193236714976,0.46153846153846156,0.4166666666666667,0.4166666666666667,0.375,0.25,0.5833333333333334,0.3,0.3819444444444444,3,5,7,9,26.74106192588806,14.0,12.0,diverging
C+R+N+demo,0,1,ica25,deep,,0.6009615384615384,0.6153846153846154,0.34782608695652173,0.3446969696969697,0.3,0.2727272727272727,0.4166666666666667,0.2857142857142857,0.356060606060606,3,7,5,8,26.74106192588806,14.0,14.0,converged
C+R+N+demo,0,2,ica25,deep,,0.625,0.6153846153846154,0.43478260869565216,0.43939393939393934,0.42857142857142855,0.5454545454545454,0.3333333333333333,0.48,0.4772727272727273,6,8,4,5,26.74106192588806,13.0,13.0,converged
C+R+N+demo,0,3,ica25,deep,,0.5480769230769231,0.6153846153846154,0.43478260869565216,0.42803030303030304,0.375,0.2727272727272727,0.5833333333333334,0.3157894736842105,0.34090909090909094,3,5,7,8,26.74106192588806,21.0,18.0,diverging
C+R+N+demo,0,4,ica25,deep,,0.6394230769230769,0.46153846153846156,0.5652173913043478,0.553030303030303,0.6,0.2727272727272727,0.8333333333333334,0.375,0.6363636363636364,3,2,10,8,26.74106192588806,16.0,15.0,diverging
C+R+N+demo,0,5,ica25,deep,,0.5817307692307693,0.6153846153846154,0.30434782608695654,0.29545454545454547,0.375,0.5,0.09090909090909091,0.42857142857142855,0.3939393939393939,6,10,1,6,26.74106192588806,18.0,4.0,diverging
C+R+N+demo,0,6,ica25,deep,,0.5240384615384616,0.6153846153846154,0.391304347826087,0.4090909090909091,0.0,0.0,0.8181818181818182,0.0,0.4393939393939394,0,2,9,12,26.74106192588806,10.0,4.0,diverging
C+R+N+demo,0,7,ica25,deep,,0.44711538461538464,0.38461538461538464,0.4782608695652174,0.4772727272727273,0.5,0.5,0.45454545454545453,0.5,0.5303030303030303,6,6,5,6,26.74106192588806,20.0,1.0,diverging
C+R+N+demo,0,8,ica25,deep,,0.5528846153846154,0.6153846153846154,0.4782608695652174,0.48863636363636365,0.5,0.25,0.7272727272727273,0.3333333333333333,0.5227272727272727,3,3,8,9,26.74106192588806,15.0,1.0,diverging
C+R+N+demo,0,9,ica25,deep,,0.5721153846153846,0.38461538461538464,0.391304347826087,0.3787878787878788,0.4444444444444444,0.6666666666666666,0.09090909090909091,0.5333333333333333,0.34090909090909094,8,10,1,4,26.74106192588806,13.0,5.0,diverging
C+R+N (no stop),0,0,ica25,deep,,0.8357487922705314,0.8461538461538461,0.5416666666666666,0.5416666666666667,0.5454545454545454,0.5,0.5833333333333334,0.5217391304347826,0.5972222222222223,6,5,7,6,76.8940200805664,20.0,11.0,max_epochs
C+R+N (no stop),0,1,ica25,deep,,0.6875,0.6923076923076923,0.5217391304347826,0.5151515151515151,0.5,0.36363636363636365,0.6666666666666666,0.42105263157894735,0.47727272727272724,4,4,8,7,76.8940200805664,20.0,6.0,max_epochs
C+R+N (no stop),0,2,ica25,deep,,0.9423076923076923,0.6923076923076923,0.5652173913043478,0.5681818181818181,0.5384615384615384,0.6363636363636364,0.5,0.5833333333333334,0.5227272727272727,7,6,6,4,76.8940200805664,20.0,17.0,max_epochs
C+R+N (no stop),0,3,ica25,deep,,0.6682692307692307,0.6923076923076923,0.6956521739130435,0.6856060606060606,0.8333333333333334,0.45454545454545453,0.9166666666666666,0.5882352941176471,0.6287878787878788,5,1,11,6,76.8940200805664,20.0,8.0,max_epochs
C+R+N (no stop),0,4,ica25,deep,,0.875,0.8461538461538461,0.5217391304347826,0.5265151515151515,0.5,0.6363636363636364,0.4166666666666667,0.56,0.4848484848484848,7,7,5,4,76.8940200805664,20.0,12.0,max_epochs
C+R+N (no stop),0,5,ica25,deep,,0.8173076923076923,0.6923076923076923,0.6521739130434783,0.6515151515151515,0.6666666666666666,0.6666666666666666,0.6363636363636364,0.6666666666666666,0.7272727272727273,8,4,7,4,76.8940200805664,20.0,14.0,max_epochs
C+R+N (no stop),0,6,ica25,deep,,0.7884615384615384,0.6923076923076923,0.6086956521739131,0.6098484848484849,0.6363636363636364,0.5833333333333334,0.6363636363636364,0.6086956521739131,0.6212121212121212,7,4,7,5,76.8940200805664,20.0,7.0,max_epochs
C+R+N (no stop),0,7,ica25,deep,,0.8701923076923077,0.7692307692307693,0.4782608695652174,0.4772727272727273,0.5,0.5,0.45454545454545453,0.5,0.4318181818181818,6,6,5,6,76.8940200805664,20.0,15.0,max_epochs
C+R+N (no stop),0,8,ica25,deep,,0.7115384615384616,0.5384615384615384,0.43478260869565216,0.4431818181818182,0.42857142857142855,0.25,0.6363636363636364,0.3157894736842105,0.3181818181818182,3,4,7,9,76.8940200805664,20.0,3.0,max_epochs
C+R+N (no stop),0,9,ica25,deep,,0.9086538461538461,0.6923076923076923,0.43478260869565216,0.4356060606060606,0.45454545454545453,0.4166666666666667,0.45454545454545453,0.43478260869565216,0.3333333333333333,5,6,5,7,76.8940200805664,20.0,17.0,max_epochs
C+R+N+demo (no stop),0,0,ica25,deep,,0.8019323671497585,0.7692307692307693,0.5416666666666666,0.5416666666666667,0.5454545454545454,0.5,0.5833333333333334,0.5217391304347826,0.5208333333333334,6,5,7,6,103.35986995697021,20.0,12.0,max_epochs
C+R+N+demo (no stop),0,1,ica25,deep,,0.4951923076923077,0.6153846153846154,0.34782608695652173,0.3446969696969697,0.3,0.2727272727272727,0.4166666666666667,0.2857142857142857,0.30303030303030304,3,7,5,8,103.35986995697021,20.0,3.0,max_epochs
C+R+N+demo (no stop),0,2,ica25,deep,,0.6153846153846154,0.6923076923076923,0.4782608695652174,0.4810606060606061,0.46153846153846156,0.5454545454545454,0.4166666666666667,0.5,0.47727272727272724,6,7,5,5,103.35986995697021,20.0,5.0,max_epochs
C+R+N+demo (no stop),0,3,ica25,deep,,0.44711538461538464,0.6153846153846154,0.34782608695652173,0.34090909090909094,0.25,0.18181818181818182,0.5,0.21052631578947367,0.3106060606060606,2,6,6,9,103.35986995697021,20.0,5.0,max_epochs
C+R+N+demo (no stop),0,4,ica25,deep,,0.8942307692307693,0.6923076923076923,0.5652173913043478,0.5643939393939394,0.5454545454545454,0.5454545454545454,0.5833333333333334,0.5454545454545454,0.5378787878787878,6,5,7,5,103.35986995697021,20.0,16.0,max_epochs
C+R+N+demo (no stop),0,5,ica25,deep,,0.8894230769230769,0.6923076923076923,0.6956521739130435,0.6931818181818181,0.6923076923076923,0.75,0.6363636363636364,0.72,0.7424242424242424,9,4,7,3,103.35986995697021,20.0,14.0,max_epochs
C+R+N+demo (no stop),0,6,ica25,deep,,0.7067307692307693,0.6923076923076923,0.6086956521739131,0.606060606060606,0.6153846153846154,0.6666666666666666,0.5454545454545454,0.64,0.6590909090909091,8,5,6,4,103.35986995697021,20.0,5.0,max_epochs
C+R+N+demo (no stop),0,7,ica25,deep,,0.9134615384615384,0.6153846153846154,0.5217391304347826,0.5151515151515151,0.5333333333333333,0.6666666666666666,0.36363636363636365,0.5925925925925926,0.49242424242424243,8,7,4,4,103.35986995697021,20.0,16.0,max_epochs
C+R+N+demo (no stop),0,8,ica25,deep,,0.9519230769230769,0.6153846153846154,0.43478260869565216,0.43939393939393934,0.4444444444444444,0.3333333333333333,0.5454545454545454,0.38095238095238093,0.4242424242424243,4,5,6,8,103.35986995697021,20.0,18.0,max_epochs
C+R+N+demo (no stop),0,9,ica25,deep,,0.9278846153846154,0.6923076923076923,0.391304347826087,0.39015151515151514,0.4166666666666667,0.4166666666666667,0.36363636363636365,0.4166666666666667,0.31818181818181823,5,7,4,7,103.35986995697021,20.0,19.0,max_epochs
