parcellation,group,model,accuracy_mean,f1_mean,auc_mean,precision_mean,recall_mean,specificity_mean,balanced_accuracy_mean,train_accuracy_mean,dev_accuracy_mean,accuracy_sd,f1_sd,auc_sd,precision_sd,recall_sd,specificity_sd,balanced_accuracy_sd,train_accuracy_sd,dev_accuracy_sd
ica25,replication,LR,0.6152173913043478,0.6180659018919888,0.6606691919191919,0.6231546231546232,0.6227272727272728,0.6075757575757577,0.6151515151515151,0.7359345968041621,0.38461538461538464,0.08201541343142557,0.07563469984487406,0.09948040740007062,0.0799259524324193,0.10730391983101505,0.14461563635139404,0.0818509100273097,0.018129955322958514,0.03626188621469475
ica25,replication,LR - age,0.6065217391304347,0.6129473103386147,0.6027777777777777,0.6177777777777778,0.6136363636363636,0.5984848484848485,0.6060606060606061,0.7224684132292828,0.36153846153846153,0.08960343446173695,0.06665720108378685,0.10522255885737603,0.09561927958259835,0.0613381707146016,0.15164136157578212,0.08990395514604999,0.01592345259729536,0.05191911982388869
ica25,replication,LR fMRI only,0.5760869565217391,0.5724025051988438,0.595580808080808,0.5925041625041625,0.5628787878787879,0.5909090909090909,0.5768939393939394,0.7094690635451505,0.38461538461538464,0.09122955298560996,0.07233658941962398,0.09033059249529075,0.09938394079875028,0.08956996308992098,0.15180947843625392,0.09057616507349199,0.024095337284286214,0.05128205128205129
ica25,replication,SVM-L,0.5976449275362319,0.5718692284069858,0.6385101010101011,0.6018431568431568,0.553030303030303,0.6431818181818182,0.5981060606060605,0.7282515793385358,0.4230769230769231,0.08291416844709086,0.12159303258346647,0.09263094170646065,0.09131462436265704,0.15067104939572018,0.0767153263820729,0.0819531014399639,0.031688641823335736,0.04054202128421
ica25,replication,SVM-P,0.45942028985507244,0.40508302151445286,0.4642045454545454,0.3796476470389514,0.5227272727272727,0.4227272727272727,0.4727272727272728,0.6176955592716462,0.5615384615384615,0.05467694228761702,0.2660123930087168,0.11923113574373838,0.20842810748759527,0.408903810563359,0.38519497115020623,0.055950159653649356,0.13430278786394467,0.10288411614225064
ica25,replication,SVM-S,0.6021739130434782,0.5883704121964992,0.6474747474747475,0.6055905205905205,0.5787878787878789,0.6265151515151516,0.6026515151515152,0.6734206614641397,0.5,0.11134453531742618,0.1291798323134781,0.1260165953131718,0.11315970064981237,0.15911896497845474,0.10430546308621437,0.11223106934914379,0.028211486978989484,0.05439282932204209
ica25,replication,SVM-RB,0.5806159420289856,0.563379224545465,0.6607323232323232,0.5938616938616939,0.553030303030303,0.6068181818181818,0.5799242424242423,0.7647877183203271,0.5076923076923077,0.06918534947075476,0.08961376605709154,0.08306091325866086,0.07724369985851512,0.14109813176463631,0.14687551218631323,0.06905192096532234,0.0705762373432366,0.09029136852132824
ica25,extension,Demo only,0.5717391304347826,0.5902424242424242,0.6241792929292929,0.573030303030303,0.6136363636363636,0.5295454545454545,0.571590909090909,0.6084726867335564,0.6307692307692307,0.09053622144426363,0.08002267304460631,0.08155326064712565,0.08669873761528303,0.0916078643798841,0.13138352813871654,0.0901421422284275,0.011327925818568282,0.04865042554105197
ica25,extension,Age only,0.6101449275362318,0.628031968031968,0.6287878787878787,0.6069651182151181,0.6636363636363637,0.556060606060606,0.6098484848484849,0.612311872909699,0.6923076923076923,0.06278334916438542,0.06413126628421519,0.08074887351171453,0.06304803428580005,0.11551201765103969,0.13281964099859792,0.06254780846717592,0.00798888261863921,0.0
ica25,extension,FC-LR,0.6143115942028985,0.617802747976661,0.6854166666666667,0.6234731934731934,0.6303030303030303,0.6037878787878788,0.6170454545454546,0.8528288740245262,0.6615384615384616,0.09175744011405884,0.09816462011095796,0.07065321948235703,0.107561694133896,0.13654122368251237,0.17902775952272473,0.0888596499776105,0.10727466022889691,0.09029136852132828
ica25,extension,FC-LR - age,0.618840579710145,0.6235121075825724,0.6933080808080808,0.6292424242424242,0.6393939393939394,0.6045454545454546,0.621969696969697,0.8307041991824601,0.6461538461538462,0.09418431626460819,0.1003720205242232,0.08957915859085104,0.1122168351905981,0.1463862555804855,0.19851119161037745,0.09074761191603004,0.09721197491281305,0.08268982305947233
ica25,extension,FC-LR fMRI only,0.6143115942028985,0.6251582909843779,0.6979166666666666,0.6183989213400978,0.6462121212121212,0.5863636363636363,0.6162878787878788,0.8100287997027127,0.6307692307692307,0.11601890190078368,0.11511062594517735,0.09625506908818304,0.1228776673295014,0.1351918414569865,0.18951847757275744,0.11240990792294502,0.07378020704624139,0.060677741365124264
ica25,extension,FC-SVM-L,0.6317028985507246,0.6305671147110428,0.6865530303030303,0.6512654012654012,0.6295454545454545,0.6363636363636364,0.6329545454545454,0.9215928093645485,0.7307692307692308,0.08382221123299144,0.07471244880791841,0.07996148421433544,0.10185117873525003,0.11475043121102425,0.18611642194634626,0.08097461532926017,0.01363615923124914,0.06537204504606135
ica25,extension,FC + Demo fusion,0.6492753623188406,0.6664334650856389,0.7309974747474748,0.6428417415917416,0.7007575757575758,0.6007575757575758,0.6507575757575758,0.8033003530286139,0.7615384615384616,0.048212463574394765,0.043016281971659034,0.06709396448691211,0.05756887008151676,0.08331420043597791,0.10307547534199323,0.04803956936179686,0.09188475116834226,0.06735346429007022
ica25,deep,R,0.4891304347826087,0.464440488740299,0.5405934343434343,0.5135714285714286,0.48484848484848486,0.49696969696969695,0.4909090909090909,0.5151430694908956,0.6153846153846154,0.1191803203144821,0.15645806281420244,0.15301702855772797,0.1389639253085599,0.23863302333186764,0.299222711706344,0.11656167386365272,0.03782331849726141,0.10256410256410256
ica25,deep,R+N,0.5019927536231884,0.5328779205168658,0.5318181818181819,0.46897993311036784,0.6530303030303031,0.3477272727272728,0.5003787878787879,0.5666271832032701,0.5846153846153846,0.08088384351814047,0.1985018529208912,0.1403640666881048,0.18918846344226295,0.2810822729358067,0.30697038665618637,0.08247665724251313,0.04709599129453281,0.10383823964777739
ica25,deep,C+N,0.48061594202898555,0.45663533591233446,0.45145202020202024,0.44492178873757815,0.4924242424242424,0.4590909090909091,0.47575757575757577,0.7701505016722408,0.6076923076923076,0.10163619340079451,0.2052868912872681,0.11318202054364801,0.15036328686623582,0.2621888354023719,0.1759432433923475,0.10115519881610514,0.13877154165917127,0.14707313230461527
ica25,deep,C+R+N,0.4807971014492754,0.28721556116243024,0.4554292929292929,0.3906349206349206,0.3113636363636364,0.6545454545454545,0.4829545454545454,0.5637054069119286,0.5692307692307692,0.06144127078481999,0.24317111175016426,0.08130208585079955,0.3302118903071329,0.3361612898818347,0.3966527894314351,0.056416933365527513,0.06275536991939883,0.08268982305947234
ica25,deep,C+R+N+demo,0.4242753623188406,0.35517418546365914,0.44198232323232317,0.3898015873015873,0.353030303030303,0.49318181818181817,0.42310606060606065,0.5719365477517652,0.5384615384615385,0.07331325745324986,0.1527971238445673,0.09836627099206378,0.1611164378664339,0.19544867268602545,0.26851996980915127,0.0738188373166453,0.05798530027115369,0.10256410256410255
ica25,deep,C+R+N (no stop),0.5454710144927536,0.5200294790685153,0.5142676767676767,0.5603396603396603,0.5007575757575757,0.5901515151515151,0.5454545454545454,0.8104979561501301,0.7153846153846153,0.08723473508764218,0.1047763420821046,0.13211741356940251,0.1210090659019952,0.13416911679990687,0.14678865241811662,0.08434116612204413,0.0948990016370866,0.08919244682526199
ica25,deep,C+R+N+demo (no stop),0.4932971014492754,0.48136459176047275,0.4785984848484849,0.48045843045843045,0.4878787878787879,0.4954545454545455,0.4916666666666667,0.7643278520995913,0.6692307692307693,0.114969406966646,0.15862936204937492,0.1473492151574953,0.135700088119645,0.18509256943286312,0.09859486214889175,0.11523565949241214,0.18758124900802398,0.051919119823888665
